sample_id,selection_group,selection_role,selection_tier,distance_stratum,cluster,grid_id,center_lon,center_lat,center_x_3003,center_y_3003,distance_percentile,distance_to_medoid_k7,relative_assignment_margin,second_nearest_cluster,cleanup_cluster,cleanup_changed,within_cluster_weight,citywide_nonmedoid_weight,bldheight,blddensity,vertohor,treecover,grasscover,charlength,assigned_class_medoid_rmse_c_precision1,assigned_four_rmse_c_precision1,oracle_four_rmse_c_precision1,assigned_class_medoid_rmse_c,assigned_four_rmse_c,oracle_four_rmse_c,four_minus_class_medoid_rmse_c,assignment_regret_vs_oracle_c
C0_distance_stratified_random_11167,probability_sample,distance_stratified_random,preferred,D95_100,0,11167,7.635026227807192,45.109584644342206,1392650.0,4996050.0,0.9715504978662872,0.9145566424170224,0.113492987534224,3,3,True,0.0168326220957799,0.0022356571572517,12.303151996787095,0.0729754238581356,0.0716067232205982,0.0,0.254625491363769,500.0,0.0391985928365457,0.0372269357973289,0.0372269357973289,0.020549664197503,0.0171872244685262,0.0171872244685262,-0.0033624397289767,0.0
C0_distance_stratified_random_11610,probability_sample,distance_stratified_random,preferred,D00_25,0,11610,7.683214950833288,45.11465144812712,1396450.0,4996550.0,0.096728307254623,0.2563519123678072,0.7847894844778895,1,0,False,0.0832147937411095,0.011052333270357,5.884981867244504,0.0274416373525027,0.043838690486568,0.0,0.1755313618912283,500.0,0.0430434632206494,0.0610131357965317,0.0610131357965317,0.0243957501538849,0.0426229727754784,0.0426229727754784,0.0182272226215935,0.0
C0_distance_stratified_random_12341,probability_sample,distance_stratified_random,preferred,D25_50,0,12341,7.665190625610581,45.12434385343058,1395050.0,4997650.0,0.2773826458036984,0.3878588545571687,0.7398203792458302,3,0,False,0.0834518729255571,0.0110838213993324,4.5106808830260645,0.0114622717939933,0.0203507143220733,0.0,0.1229480439750066,500.0,0.0722438792022672,0.0894682413487918,0.0894682413487918,0.0621861709949543,0.0794748711039301,0.0794748711039301,0.0172887001089757,0.0
C0_distance_stratified_random_12424,probability_sample,distance_stratified_random,preferred,D50_75,0,12424,7.695678537918608,45.125596418297334,1397450.0,4997750.0,0.5056899004267426,0.5165922626907785,0.5919583992601891,1,0,False,0.0832147937411095,0.011052333270357,3.709749934051337,0.0164682891013955,0.0272917291535817,0.0,0.1786814208897748,500.0,0.0643460251989515,0.0799471857629493,0.0799471857629493,0.0521051032128515,0.0688670274206272,0.0688670274206272,0.0167619242077756,0.0
C0_distance_stratified_random_12486,probability_sample,distance_stratified_random,preferred,D95_100,0,12486,7.703285455100344,45.12658323334877,1398050.0,4997850.0,0.97226173541963,0.9156636915935128,0.1360144512559795,1,0,False,0.0168326220957799,0.0022356571572517,6.76002870209303,0.0487577067699082,0.1094706690528781,0.0374890430452815,0.2513506208095801,500.0,0.0484932796737443,0.0331042355440947,0.0331042355440947,0.0264012115745232,0.0128478761814717,0.0128478761814717,-0.0135533353930514,0.0
C0_distance_stratified_random_12811,probability_sample,distance_stratified_random,preferred,D00_25,0,12811,7.68152929664189,45.13263512864576,1396350.0,4998550.0,0.131578947368421,0.2859899261763833,0.7571564323295397,3,0,False,0.0832147937411095,0.011052333270357,7.264166023421631,0.0420477383428866,0.0784936402511484,0.0001525895596463,0.0818342144491421,500.0,0.0306698429961157,0.0415454858830688,0.0415454858830688,0.011598811149912,0.0215791074123173,0.0215791074123173,0.0099802962624052,0.0
C0_distance_stratified_random_1492,probability_sample,distance_stratified_random,preferred,D75_95,0,1492,7.704193413659611,45.030276039883425,1397950.0,4987150.0,0.8726884779516358,0.7409928717901557,0.0373159854122989,1,0,False,0.0666192508297771,0.0088481642420807,4.9960950103955675,0.0156611780756191,0.0310119953015604,0.0,0.2755062176269732,500.0,0.060628368663176,0.0724805122604293,0.0724805122604293,0.0463361908221713,0.0614609855089066,0.0614609855089066,0.0151247946867352,0.0
C0_distance_stratified_random_1754,probability_sample,distance_stratified_random,preferred,D25_50,0,1754,7.659712164622261,45.03246297649031,1394450.0,4987450.0,0.4907539118065434,0.5088651276836342,0.5164609882992965,3,0,False,0.0834518729255571,0.0110838213993324,7.908405146663617,0.1061564859218727,0.0645383192864259,0.0001284886273377,0.0585152757001056,500.0,0.0451405719157025,0.0482927715172976,0.0482927715172976,0.0230853612514422,0.0297002375342191,0.0297002375342191,0.0066148762827769,0.0
C0_distance_stratified_random_3271,probability_sample,distance_stratified_random,preferred,D75_95,0,3271,7.68861462644259,45.04540102604248,1396750.0,4988850.0,0.9011379800853484,0.7795195477681118,0.2015220351882365,1,0,False,0.0666192508297771,0.0088481642420807,8.463843816456405,0.0361629700037595,0.1035821619074574,0.0283935524821017,0.2469961791754713,500.0,0.0480558085000513,0.0319281442099923,0.0319281442099923,0.0255995059170357,0.0123523009151956,0.0123523009151956,-0.01324720500184,0.0
C0_distance_stratified_random_3692,probability_sample,distance_stratified_random,preferred,D25_50,0,3692,7.726618212928142,45.049431938501975,1399750.0,4989250.0,0.3065433854907539,0.4007397867598483,0.6265079181192825,1,0,False,0.0834518729255571,0.0110838213993324,5.49762644303244,0.0175846193901721,0.0358354236154461,0.0,0.203598738723907,500.0,0.052407779407887,0.067235020229085,0.067235020229085,0.035531871987564,0.052260832701969,0.052260832701969,0.016728960714405,0.0
C0_distance_stratified_random_453,probability_sample,distance_stratified_random,preferred,D50_75,0,453,7.605490080237324,45.017410744616875,1390150.0,4985850.0,0.6322901849217639,0.5768823577848713,0.1415900630180684,3,0,False,0.0832147937411095,0.011052333270357,9.8950098852444,0.1031295942860612,0.1805271957632342,0.0119115918170836,0.1037730816816273,500.0,0.0737916355656388,0.0681121825108599,0.0431361865909274,0.0646701915552991,0.0530344938153139,0.0230632171715346,-0.0116356977399852,0.0299712766437793
C0_distance_stratified_random_6001,probability_sample,distance_stratified_random,preferred,D00_25,0,6001,7.745248014885036,45.068541721409254,1401250.0,4991350.0,0.0362731152204836,0.1836015073453886,0.8439557012703136,1,0,False,0.0832147937411095,0.011052333270357,7.420408970606594,0.0310831873977427,0.0562686805405967,0.0,0.1745388903439252,500.0,0.0256646799919024,0.0504658662163648,0.0504658662163648,0.0094365823664073,0.0293574199313024,0.0293574199313024,0.019920837564895,0.0
C0_distance_stratified_random_6626,probability_sample,distance_stratified_random,preferred,D50_75,0,6626,7.742609364910293,45.07301351227342,1401050.0,4991850.0,0.5298719772403983,0.5278760041365655,0.3719641429528917,1,0,False,0.0832147937411095,0.011052333270357,6.47111977310405,0.0389055680716343,0.0860635736678778,0.0,0.2437695725120901,500.0,0.0316948924914671,0.0341230649509072,0.0341230649509072,0.0119077312669937,0.0143708823763181,0.0143708823763181,0.0024631511093244,0.0
C0_distance_stratified_random_7630,probability_sample,distance_stratified_random,preferred,D75_95,0,7630,7.706885249015084,45.079815753250855,1398250.0,4992650.0,0.7994310099573257,0.6818863535598555,0.3907892706357662,3,0,False,0.0666192508297771,0.0088481642420807,7.25654859227979,0.0788409632451693,0.1286472989892137,0.0160897241489588,0.0216150889940438,500.0,0.058647231110215,0.0572086623705563,0.0572086623705563,0.0427020953791695,0.035373730353,0.035373730353,-0.0073283650261694,0.0
C0_distance_stratified_random_9466,probability_sample,distance_stratified_random,preferred,D95_100,0,9466,7.723057043158445,45.09530054852052,1399550.0,4994350.0,0.9793741109530584,0.9346117525561234,0.1185256383861376,1,0,False,0.0168326220957799,0.0022356571572517,5.303288377565389,0.0146425681531985,0.0228400094174051,0.0352319718242298,0.2578157143772148,500.0,0.0651131786000135,0.0783243461277975,0.0783243461277975,0.0534799838799441,0.0684574301946724,0.0684574301946724,0.0149774463147282,0.0
C0_risk_boundary_10420,purposive_stress,risk_boundary,not_applicable,D75_95,0,10420,7.722876420474993,45.10339997182674,1399550.0,4995250.0,0.9473684210526316,0.8484865814695391,0.0001659481004716,3,0,False,0.0,0.0,6.477205875068935,0.2110175022185844,0.2834848096151942,0.0,0.167753232932701,500.0,0.0993242004933992,0.0884803205424103,0.0315142933433626,0.0918631886763678,0.0792334255891641,0.0126992431371207,-0.0126297630872037,0.0665341824520433
C0_risk_cleanup_104,purposive_stress,risk_cleanup,not_applicable,D95_100,0,104,7.62467264523403,45.01134225087485,1391650.0,4985150.0,0.9886201991465148,0.946910823089928,0.0118976699433286,2,3,True,0.0,0.0,8.087228335034649,0.1057075268461575,0.1705092786081465,0.0355469990468574,0.2488183982538878,500.0,0.0683130051063973,0.0592764593252413,0.0487046827186202,0.0553775150948667,0.0414430855258092,0.0314650382192201,-0.0139344295690574,0.0099780473065891
C0_risk_morphology_extreme_7627,purposive_stress,risk_morphology_extreme,not_applicable,D95_100,0,7627,7.703074634568938,45.07977252546067,1397950.0,4992650.0,1.0,1.343011153786396,0.0367209118766062,2,0,False,0.0,0.0,7.114631395671056,0.0415973062024375,0.0645588145036118,0.0610480008960186,0.014361042480407,500.0,0.0361219396011336,0.0436491825989045,0.0436491825989045,0.0144019080103262,0.0239160775864958,0.0239160775864958,0.0095141695761695,0.0
C1_distance_stratified_random_12739,probability_sample,distance_stratified_random,preferred,D95_100,1,12739,7.714625569887087,45.13121225961521,1398950.0,4998350.0,0.9671675013912076,1.4637096055791958,0.2784871411792387,3,1,False,0.01669449081803,0.0028339316077838,17.484892521044035,0.0633810850199033,0.2768384608607654,0.0,0.4963971124110392,500.0,0.0703302710926345,0.0703302710926345,0.0389209478642081,0.0601787491504689,0.0601787491504689,0.0180544584609905,0.0,0.0421242906894783
C1_distance_stratified_random_1668,probability_sample,distance_stratified_random,preferred,D75_95,1,1668,7.680039134610149,45.03179964944444,1396050.0,4987350.0,0.773511407902059,0.7412072497100203,0.2583519887246259,3,1,False,0.0667779632721202,0.0113357264311354,9.140008257340256,0.1169737844530792,0.324654329451803,0.007276213095759,0.3092070701279612,500.0,0.0780908030179081,0.0780908030179081,0.0238430944024665,0.0700642048996431,0.0700642048996431,0.0074383769771902,0.0,0.0626258279224528
C1_distance_stratified_random_1692,probability_sample,distance_stratified_random,preferred,D25_50,1,1692,7.710498535608889,45.03214777679598,1398450.0,4987350.0,0.4574290484140234,0.4874845004716052,0.5084703015305881,0,1,False,0.0832869597477276,0.0141381699099439,8.831664331871867,0.0112222440262054,0.025523451304929,0.0,0.3333628197059724,500.0,0.0745917350692372,0.0745917350692372,0.0745917350692372,0.0651613583772681,0.0651613583772681,0.0651613583772681,0.0,0.0
C1_distance_stratified_random_2099,probability_sample,distance_stratified_random,preferred,D25_50,1,2099,7.690110056014237,45.03551633287047,1396850.0,4987750.0,0.2615470228158041,0.3408941837246948,0.69964319071172,0,1,False,0.0832869597477276,0.0141381699099439,7.096912695876589,0.0803150659039946,0.2096465071687761,0.002149154075339,0.3599982812962677,500.0,0.0537837713806584,0.0537837713806584,0.0537837713806584,0.0367266062590315,0.0367266062590315,0.0357621662409672,0.0,0.0009644400180643
C1_distance_stratified_random_2786,probability_sample,distance_stratified_random,preferred,D00_25,1,2786,7.730606065573296,45.041374834749014,1400050.0,4988350.0,0.0901502504173622,0.2168503458949394,0.8283873111759066,0,1,False,0.0832869597477276,0.0141381699099439,6.253552414915782,0.0272299046400749,0.0609705684099886,0.0,0.3940392465531804,500.0,0.0496333589396758,0.0496333589396758,0.0496333589396758,0.0321108205208236,0.0321108205208236,0.0321108205208236,0.0,0.0
C1_distance_stratified_random_304,probability_sample,distance_stratified_random,preferred,D75_95,1,304,7.642348750601823,45.0151545327433,1393050.0,4985550.0,0.905954368391764,0.9515438646090552,0.584386870355784,0,1,False,0.0667779632721202,0.0113357264311354,8.300935436240495,0.0900030096079102,0.137998199413107,0.0004337349215478,0.5994420016002623,500.0,0.0330179140528566,0.0330179140528566,0.0330179140528566,0.0153650741060076,0.0153650741060076,0.0153650741060076,0.0,0.0
C1_distance_stratified_random_3393,probability_sample,distance_stratified_random,preferred,D50_75,1,3393,7.722869692980484,45.04668955945221,1399450.0,4988950.0,0.5425709515859767,0.5475736506969856,0.3334821709953566,0,1,False,0.0832869597477276,0.0141381699099439,7.28818212701747,0.0225813833502177,0.0545921953737687,0.0,0.3051664811482021,500.0,0.0508714020190027,0.0508714020190027,0.0508714020190027,0.0319385879748382,0.0319385879748382,0.0319385879748382,0.0,0.0
C1_distance_stratified_random_3675,probability_sample,distance_stratified_random,preferred,D25_50,1,3675,7.705036111833724,45.04918915951141,1398050.0,4989250.0,0.3411240957150807,0.3984544914488463,0.7601752287254814,0,1,False,0.0832869597477276,0.0141381699099439,8.568985398410508,0.0794515536551087,0.2200377953626222,0.0,0.4670633536407309,500.0,0.0545215804954884,0.0545215804954884,0.0545215804954884,0.0377854976891457,0.0377854976891457,0.0357251254587173,0.0,0.0020603722304283
C1_distance_stratified_random_4491,probability_sample,distance_stratified_random,preferred,D00_25,1,4491,7.713761387536048,45.05648914161476,1398750.0,4990050.0,0.0272676683361157,0.1523008187051875,0.8983661382644053,0,1,False,0.0832869597477276,0.0141381699099439,7.187106896742487,0.044890252351507,0.1156793282073984,0.0034554183561514,0.4423504671504474,500.0,0.0136408599201344,0.0136408599201344,0.0136408599201344,0.0031983693048248,0.0031983693048248,0.0031983693048248,0.0,0.0
C1_distance_stratified_random_4826,probability_sample,distance_stratified_random,preferred,D50_75,1,4826,7.746714725524464,45.0595561757998,1401350.0,4990350.0,0.674457429048414,0.6461365247443994,0.1096541944223504,0,1,False,0.0832869597477276,0.0141381699099439,6.44375469313736,0.0434258788146865,0.1085612656765592,0.0,0.2836747613878339,500.0,0.0248970482928926,0.0248970482928926,0.0248970482928926,0.0092693645263017,0.0092693645263017,0.0092693645263017,0.0,0.0
C1_distance_stratified_random_6237,probability_sample,distance_stratified_random,preferred,D50_75,1,6237,7.732508510384487,45.07020131654973,1400250.0,4991550.0,0.6833611574846967,0.6538689101560523,0.1156434021738589,0,1,False,0.0832869597477276,0.0141381699099439,7.739524860229092,0.055703707116099,0.1701645815648012,0.0,0.2820342141812582,500.0,0.0485168143898464,0.0485168143898464,0.0485168143898464,0.0290519040314723,0.0290519040314723,0.0290519040314723,0.0,0.0
C1_distance_stratified_random_6367,probability_sample,distance_stratified_random,preferred,D00_25,1,6367,7.738838752105123,45.07117158985421,1400750.0,4991650.0,0.0244852531997774,0.147398141845423,0.8927858222256932,0,1,False,0.0832869597477276,0.0141381699099439,6.679357906658355,0.0293377933204771,0.0724922931219934,0.0,0.4175518930380423,500.0,0.0426972992205665,0.0426972992205665,0.0426972992205665,0.0241519968071314,0.0241519968071314,0.0241519968071314,0.0,0.0
C1_distance_stratified_random_8117,probability_sample,distance_stratified_random,preferred,D75_95,1,8117,7.714425742479878,45.08350157038573,1398850.0,4993050.0,0.8597662771285476,0.8707922155263186,0.2629617255981364,2,1,False,0.0667779632721202,0.0113357264311354,6.7761003760071965,0.0798606355884673,0.2052502636806164,0.0440382259004401,0.3886857405420467,500.0,0.0541012073734903,0.0541012073734903,0.0541012073734903,0.037156816271497,0.037156816271497,0.0360063842005323,0.0,0.0011504320709647
C1_distance_stratified_random_8769,probability_sample,distance_stratified_random,preferred,D95_100,1,8769,7.723197474582995,45.08900098869453,1399550.0,4993650.0,0.9938786867000556,2.2025070870385264,0.0434405140977621,2,1,False,0.01669449081803,0.0028339316077838,3.8803646267260943,0.0126093047489767,0.0179875333477192,0.0938487679129658,0.6359727889705982,500.0,0.0996913043569175,0.0996913043569175,0.0996913043569175,0.0916848663958638,0.0916848663958638,0.0916848663958638,0.0,0.0
C1_distance_stratified_random_9179,probability_sample,distance_stratified_random,preferred,D95_100,1,9179,7.733281245515811,45.09271397130177,1400350.0,4994050.0,0.9504730105731776,1.1946920155647902,0.0293758299735763,0,1,False,0.01669449081803,0.0028339316077838,4.3247737078122475,0.0090736946593114,0.014054232477362,0.0472910858225656,0.2835177387803968,500.0,0.0990364537838577,0.0990364537838577,0.0990364537838577,0.0914234040756817,0.0914234040756817,0.0914234040756817,0.0,0.0
C1_risk_boundary_4928,purposive_stress,risk_boundary,not_applicable,D50_75,1,4928,7.744155463740197,45.06042821664022,1401150.0,4990450.0,0.7173066221480244,0.6842428184047838,4.5237168034147395e-05,0,1,False,0.0,0.0,6.488179577627693,0.0349236247810684,0.0884105518679827,0.0,0.2761365325261015,500.0,0.0316047219175961,0.0316047219175961,0.0316047219175961,0.0125789016660155,0.0125789016660155,0.0125789016660155,0.0,0.0
C1_risk_cleanup_11040,purposive_stress,risk_cleanup,not_applicable,D75_95,1,11040,7.710047441862031,45.10865668716389,1398550.0,4995850.0,0.9460211463550362,1.1587459974019645,0.0180317653318514,0,0,True,0.0,0.0,14.299390935615682,0.0256504701508352,0.0912056407021042,0.0045563148874344,0.2758502796941793,500.0,0.0286093192978255,0.0286093192978255,0.0286093192978255,0.0106399833916854,0.0106399833916854,0.0106399833916854,0.0,0.0
C1_risk_morphology_extreme_122,purposive_stress,risk_morphology_extreme,not_applicable,D95_100,1,122,7.647508496617989,45.01161508703326,1393450.0,4985150.0,1.0,2.680045513606842,0.0849850460788033,2,1,False,0.0,0.0,22.818252272190666,0.02467376628852,0.1113565517470353,0.0388669207051448,0.7180219705614908,500.0,0.0435182216598789,0.0435182216598789,0.0435182216598789,0.0226440770124174,0.0226440770124174,0.0226440770124174,0.0,0.0
C2_distance_stratified_random_3336,probability_sample,distance_stratified_random,preferred,D00_25,2,3336,7.650510842690948,45.04585711774437,1393750.0,4988950.0,0.1271794871794871,0.5579715902509343,0.4878650787983619,4,2,False,0.083076923076923,0.0076516153410164,14.824411961617535,0.1359529274197665,0.4083092718740957,0.0765062609600288,0.2696561180316573,500.0,0.0485520950739827,0.0485520950739827,0.0485520950739827,0.0308533502839528,0.0308533502839528,0.0308533502839528,0.0,0.0
C2_distance_stratified_random_3659,probability_sample,distance_stratified_random,preferred,D75_95,2,3659,7.684723798294654,45.048956936987416,1396450.0,4989250.0,0.9056410256410256,1.5966345340380057,0.1811832730645564,4,2,False,0.0666666666666666,0.0061401851501983,12.25547274674728,0.1256747932805639,0.1602165751666589,0.1505043700908961,0.1315035019816978,500.0,0.0214220472781907,0.0214220472781907,0.0214220472781907,0.006707974195554,0.006707974195554,0.006707974195554,0.0,0.0
C2_distance_stratified_random_4735,probability_sample,distance_stratified_random,preferred,D95_100,2,4735,7.631168944132258,45.05822917841101,1392250.0,4990350.0,0.962051282051282,1.9786981642911592,0.2209111324839267,4,2,False,0.0167521367521367,0.0015429183197934,9.035470018658977,0.0473556031603189,0.0928926417155714,0.1683951271439976,0.1514112807750431,500.0,0.0589287938085112,0.0589287938085112,0.0497711658470211,0.0450613483392946,0.0450613483392946,0.0281796604812794,0.0,0.0168816878580151
C2_distance_stratified_random_7382,probability_sample,distance_stratified_random,preferred,D75_95,2,7382,7.71073636653574,45.078058984268225,1398550.0,4992450.0,0.7897435897435897,1.2145085662166577,0.3549897228330196,4,2,False,0.0666666666666666,0.0061401851501983,7.475341501170576,0.1016233093755921,0.1318143078761899,0.1113917487494678,0.0817127486773724,500.0,0.0483282157580451,0.0483282157580451,0.0483282157580451,0.0303038757561594,0.0303038757561594,0.0303038757561594,0.0,0.0
C2_distance_stratified_random_7392,probability_sample,distance_stratified_random,block_only,D95_100,2,7392,7.72343810656734,45.0782017262489,1399550.0,4992450.0,0.9548717948717949,1.9381372630822575,0.0300835409020778,4,2,False,0.0167521367521367,0.0015429183197934,24.88794914670891,0.04195717239364,0.2473397474179455,0.0802789792638529,0.3678357354438936,500.0,0.0372422649871065,0.0372422649871065,0.0372422649871065,0.0172447927419359,0.0172447927419359,0.0172447927419359,0.0,0.0
C2_distance_stratified_random_7646,probability_sample,distance_stratified_random,preferred,D25_50,2,7646,7.727208670694564,45.08004415466845,1399850.0,4992650.0,0.483076923076923,0.8261824360689677,0.4372310702175149,0,2,False,0.0834188034188034,0.0076831034699918,6.437327879989613,0.0481709180985038,0.1160584991932679,0.0668193160110048,0.2699091738589403,500.0,0.0688373770192171,0.0688373770192171,0.0359635787350729,0.0571623748671853,0.0571623748671853,0.0153105299962843,0.0,0.0418518448709009
C2_distance_stratified_random_8348,probability_sample,distance_stratified_random,preferred,D50_75,2,8348,7.729629403078135,45.085472095998625,1400050.0,4993250.0,0.5661538461538461,0.8916149101336283,0.1749790656861385,1,2,False,0.0834188034188034,0.0076831034699918,7.909692167857072,0.0934837153518284,0.2481385577844305,0.0409692628574548,0.2723992358083917,500.0,0.0383000649760408,0.0383000649760408,0.0383000649760408,0.0179449341626113,0.0179449341626113,0.0179449341626113,0.0,0.0
C2_distance_stratified_random_8368,probability_sample,distance_stratified_random,preferred,D25_50,2,8368,7.617821260948846,45.08507328889955,1391250.0,4993350.0,0.2523076923076923,0.6584182121898505,0.4156076998217671,3,2,False,0.0834188034188034,0.0076831034699918,12.82391362026674,0.1454816663848667,0.4650952065473668,0.0567750910799817,0.2974770818001518,500.0,0.0501936887735307,0.0501936887735307,0.0501936887735307,0.0326167555058137,0.0326167555058137,0.0326167555058137,0.0,0.0
C2_distance_stratified_random_8484,probability_sample,distance_stratified_random,preferred,D50_75,2,8484,7.629232260115782,45.086111040980114,1392150.0,4993450.0,0.6030769230769231,0.9253379524335652,0.1473060108277849,1,2,False,0.0834188034188034,0.0076831034699918,10.830425287544188,0.0730893522241656,0.1951446173310605,0.050043402652408,0.388289566876583,500.0,0.0510170532864002,0.0510170532864002,0.0510170532864002,0.0305222783370744,0.0305222783370744,0.0305222783370744,0.0,0.0
C2_distance_stratified_random_8599,probability_sample,distance_stratified_random,block_only,D95_100,2,8599,7.640643699143573,45.087147657327286,1393050.0,4993550.0,0.964102564102564,1.99738761643023,0.2552472363466121,1,2,False,0.0167521367521367,0.0015429183197934,4.868715787944612,0.0137998513660354,0.0292335420493622,0.132939284151131,0.494882834634459,500.0,0.1279715293679306,0.1279715293679306,0.0658107151481466,0.1213062725418222,0.1213062725418222,0.0529356096321114,0.0,0.0683706629097108
C2_distance_stratified_random_8703,probability_sample,distance_stratified_random,preferred,D75_95,2,8703,7.639351991263978,45.08803243105216,1392950.0,4993650.0,0.9466666666666668,1.8836960471565949,0.2068534715070681,1,2,False,0.0666666666666666,0.0061401851501983,5.590599550740151,0.0143809199653177,0.0303604603743026,0.1164270312180991,0.5239035219384948,500.0,0.1293865046282211,0.1293865046282211,0.0671925604709956,0.1227229752449313,0.1227229752449313,0.0544522559084192,0.0,0.068270719336512
C2_distance_stratified_random_8811,probability_sample,distance_stratified_random,preferred,D00_25,2,8811,7.645682496774693,45.0890078707187,1393450.0,4993750.0,0.1641025641025641,0.59752398352644,0.6528777541030265,3,2,False,0.083076923076923,0.0076516153410164,13.45734395917509,0.0723666083170298,0.0674891992606967,0.0789379625688864,0.323129684913119,500.0,0.0689947387313173,0.0689947387313173,0.0366708175317579,0.0600062905758704,0.0600062905758704,0.0170759049446981,0.0,0.0429303856311723
C2_distance_stratified_random_9176,probability_sample,distance_stratified_random,preferred,D50_75,2,9176,7.729469734041429,45.09267161481361,1400050.0,4994050.0,0.721025641025641,1.0669564660397834,0.411188875947029,0,2,False,0.0834188034188034,0.0076831034699918,5.307089968799874,0.029797217150908,0.0363693000687621,0.0899513381125743,0.1898164021944711,500.0,0.109450683208441,0.109450683208441,0.0564958478290025,0.1034854472154811,0.1034854472154811,0.0373325576811139,0.0,0.0661528895343671
C2_distance_stratified_random_9462,probability_sample,distance_stratified_random,preferred,D25_50,2,9462,7.717974820555443,45.095243587447264,1399150.0,4994350.0,0.358974358974359,0.7426673646745307,0.5111391986260482,1,2,False,0.0834188034188034,0.0076831034699918,12.07684057607607,0.097811498333964,0.2830463019641628,0.0683554507248279,0.3864930774632959,500.0,0.0285294048420094,0.0285294048420094,0.0285294048420094,0.0109531849374495,0.0109531849374495,0.0109531849374495,0.0,0.0
C2_distance_stratified_random_9808,probability_sample,distance_stratified_random,preferred,D00_25,2,9808,7.631493394470315,45.09784027021394,1392350.0,4994750.0,0.2112820512820512,0.6318458131344992,0.4941142139350045,3,2,False,0.083076923076923,0.0076516153410164,14.736347139941484,0.105587025498696,0.2447858744174917,0.0575103290682196,0.2930066551814246,500.0,0.0174583653458147,0.0174583653458147,0.0174583653458147,0.0047533934045529,0.0047533934045529,0.0047533934045529,0.0,0.0
C2_risk_boundary_3538,purposive_stress,risk_boundary,not_applicable,D50_75,2,3538,7.658085315435572,45.04774674328853,1394350.0,4989150.0,0.597948717948718,0.9210328157311874,0.0003667822651883,4,2,False,0.0,0.0,15.332529849977954,0.1335818128592212,0.3779668433755748,0.1019535640766079,0.1407846621754709,500.0,0.0511176456679113,0.0511176456679113,0.0511176456679113,0.0336351037679305,0.0336351037679305,0.0336351037679305,0.0,0.0
C2_risk_morphology_extreme_4840,purposive_stress,risk_morphology_extreme,not_applicable,D95_100,2,4840,7.632417172824984,45.0591443053344,1392350.0,4990450.0,1.0,3.2671801998390673,0.0725377933321536,4,2,False,0.0,0.0,9.70410080595074,0.0540198735042713,0.1130332791792064,0.2311076811590006,0.0634011147552222,500.0,0.0433605464253089,0.0433605464253089,0.0433605464253089,0.0256538002205019,0.0256538002205019,0.0256538002205019,0.0,0.0
C3_distance_stratified_random_10466,probability_sample,distance_stratified_random,preferred,D00_25,3,10466,7.644071262814499,45.103391319813866,1393350.0,4995350.0,0.2493625701172871,0.565959510695763,0.4260473237345311,2,3,False,0.0832908380078191,0.0154291831979343,10.51361091877159,0.1916225755285484,0.3912472496807201,0.0320245134010453,0.2358163419587765,500.0,0.0332590496491051,0.0663290538074789,0.0501140252336026,0.0118047954809489,0.0502324175832271,0.0309327725159759,0.0384276221022782,0.0192996450672512
C3_distance_stratified_random_10740,probability_sample,distance_stratified_random,preferred,D25_50,3,10740,7.724086993343994,45.10611398716558,1399650.0,4995550.0,0.279449260581336,0.5838462743542491,0.4966873009604693,0,3,False,0.0832908380078191,0.0154291831979343,9.734118312551464,0.2758197105810806,0.3124475080960535,0.0,0.169415666713305,500.0,0.0303330071737194,0.05672774038934,0.05672774038934,0.0120765112216927,0.0408394059411443,0.0408394059411443,0.0287628947194515,0.0
C3_distance_stratified_random_10776,probability_sample,distance_stratified_random,preferred,D95_100,3,10776,7.637653553693367,45.10601539161907,1392850.0,4995650.0,0.9648138704742478,1.105031656145676,0.1543687582414042,1,3,False,0.0168281489036206,0.0031173247685622,15.448825218926345,0.0898207509603213,0.3198808803950236,0.0205019600424881,0.3181638317655594,500.0,0.0587639034359696,0.0846426816780035,0.0301063563730971,0.0370481868744602,0.0747200819008478,0.0113888614173481,0.0376718950263875,0.0633312204834996
C3_distance_stratified_random_10804,probability_sample,distance_stratified_random,preferred,D00_25,3,10804,7.673234987248974,45.1064344675592,1395650.0,4995650.0,0.0168281489036206,0.2634172958343965,0.7726993993786417,5,3,False,0.0832908380078191,0.0154291831979343,11.162503073842188,0.255529752471564,0.3920299134348798,0.0150013027162528,0.1210743797961452,500.0,0.0342232797480359,0.0492524018374534,0.0492524018374534,0.0125135634176038,0.0303975204017588,0.0303975204017588,0.0178839569841549,0.0
C3_distance_stratified_random_11018,probability_sample,distance_stratified_random,preferred,D50_75,3,11018,7.682089033034649,45.10833734507284,1396350.0,4995850.0,0.706272310045895,0.7980868009192229,0.4126006456393848,5,3,False,0.0832908380078191,0.0154291831979343,7.880972533928824,0.3211789866472918,0.403179982310748,0.0179818764259659,0.0753110162318257,500.0,0.0445935474579657,0.0448869711904066,0.0448869711904066,0.0216227910160599,0.026076455028422,0.026076455028422,0.004453664012362,0.0
C3_distance_stratified_random_11282,probability_sample,distance_stratified_random,preferred,D25_50,3,11282,7.664234567343398,45.110830304580006,1394950.0,4996150.0,0.3278939316675165,0.6141180311103154,0.4531255600704963,2,3,False,0.0832908380078191,0.0154291831979343,8.746975781095049,0.2223935638591724,0.3775562785216366,0.0394469950005545,0.1251579245517607,500.0,0.0239148031189716,0.0619876258089036,0.0557841567662246,0.0073130973392991,0.0457387234399672,0.0359581377609141,0.0384256261006681,0.0097805856790531
C3_distance_stratified_random_11492,probability_sample,distance_stratified_random,preferred,D25_50,3,11492,7.707404144004054,45.1131275819414,1398350.0,4996350.0,0.3064762876083631,0.6013737894122669,0.3074232324991531,2,3,False,0.0832908380078191,0.0154291831979343,12.072589967820203,0.2059092078350818,0.1883870193454635,0.0391610008564085,0.1881521655512215,500.0,0.0451279257263758,0.0734582787809596,0.0452920507706782,0.0273579561107382,0.0636804244739874,0.0235877817415836,0.0363224683632492,0.0400926427324038
C3_distance_stratified_random_11643,probability_sample,distance_stratified_random,preferred,D75_95,3,11643,7.725157380979479,45.115127532707255,1399750.0,4996550.0,0.7562468128505865,0.8298257571537605,0.1450102910992854,0,3,False,0.0666326704062553,0.0123433465583475,9.698534981765302,0.2409322983648292,0.0599455144623435,0.0,0.0811867969851183,500.0,0.076480815035492,0.1057210510696399,0.0607318381442844,0.0656276780275492,0.0984640096035836,0.0435557533853799,0.0328363315760344,0.0549082562182037
C3_distance_stratified_random_12052,probability_sample,distance_stratified_random,preferred,D95_100,3,12052,7.728850448356759,45.12056965995841,1400050.0,4997150.0,0.9612442631310556,1.0870862796118788,0.3099174979064906,1,3,False,0.0168281489036206,0.0031173247685622,12.128046057381871,0.3550267966947054,0.1369556295460754,0.0,0.280305930218506,500.0,0.0575766314849235,0.0572286130816669,0.0572286130816669,0.0401205062633941,0.0434110503470883,0.0434110503470883,0.0032905440836942,0.0
C3_distance_stratified_random_12177,probability_sample,distance_stratified_random,preferred,D50_75,3,12177,7.709743153840266,45.12215561878387,1398550.0,4997350.0,0.6287608363080062,0.7589197842938932,0.0078300651125802,0,3,False,0.0832908380078191,0.0154291831979343,8.163564081707985,0.1080974464428791,0.2409421511957399,0.0311926095067831,0.1702464606013707,500.0,0.0669883790099031,0.0984120496019126,0.0315866569135951,0.0518905922267595,0.0900321536931675,0.0135536183647118,0.038141561466408,0.0764785353284556
C3_distance_stratified_random_2189,probability_sample,distance_stratified_random,preferred,D75_95,3,2189,7.665974183025491,45.03613700617376,1394950.0,4987850.0,0.7842937276899541,0.8504359247055576,0.0965454840615478,5,3,False,0.0666326704062553,0.0123433465583475,16.000323662639722,0.2381414946809341,0.4167073694829841,0.0134732952604101,0.0180670569455519,500.0,0.0506577737929935,0.0393584394760624,0.0393584394760624,0.0276624137128359,0.0184334573967601,0.0184334573967601,-0.0092289563160757,0.0
C3_distance_stratified_random_5499,probability_sample,distance_stratified_random,preferred,D75_95,3,5499,7.716119443039516,45.06461718222125,1398950.0,4990950.0,0.8577256501784803,0.9132951743834214,0.2030343063680921,1,3,False,0.0666326704062553,0.0123433465583475,11.316315550840114,0.1614042513256298,0.5312478913547174,0.0053653698784111,0.3104206299376459,500.0,0.0331042355440947,0.0657152429097308,0.0526576779798379,0.0136145025750226,0.0470739290321144,0.0355062056444983,0.0334594264570918,0.0115677233876161
C3_distance_stratified_random_672,probability_sample,distance_stratified_random,preferred,D95_100,3,672,7.6282636724071,45.02038718770009,1391950.0,4986150.0,0.971443141254462,1.1363450035288434,0.0819769994378721,5,3,False,0.0168281489036206,0.0031173247685622,19.031945999913543,0.2378209809913021,0.2402314283563695,0.0239430866688613,0.0427353159708168,500.0,0.0502391540806543,0.0476143180952035,0.0476143180952035,0.0276301155927953,0.0271899562607442,0.0271899562607442,-0.000440159332051,0.0
C3_distance_stratified_random_954,probability_sample,distance_stratified_random,preferred,D00_25,3,954,7.656094386870521,45.024318903972386,1394150.0,4986550.0,0.0448750637429882,0.3461261233747018,0.7032529006974225,5,3,False,0.0832908380078191,0.0154291831979343,12.36843133855606,0.1574571638040007,0.4048360904579361,0.0255229482738728,0.0968562491582096,500.0,0.0287684822466576,0.0644612375117986,0.0525817476188116,0.009538512419559,0.047675154112333,0.0338220700148782,0.0381366416927739,0.0138530840974547
C3_distance_stratified_random_9978,probability_sample,distance_stratified_random,preferred,D50_75,3,9978,7.711520829482296,45.09967172921649,1398650.0,4994850.0,0.7251402345741969,0.8089844794340366,0.1677312014300433,1,3,False,0.0832908380078191,0.0154291831979343,11.099381225610426,0.1377828700274976,0.24915539828223,0.0018167220464347,0.2704798445866843,500.0,0.0604020018416941,0.0903001084663861,0.0175236304905911,0.043220913623259,0.0814096902784482,0.0042966483699055,0.0381887766551891,0.0771130419085427
C3_risk_boundary_9673,purposive_stress,risk_boundary,not_applicable,D75_95,3,9673,7.728099308685618,45.097157159923306,1399950.0,4994550.0,0.9224885262621112,0.9910338554773912,0.000407405631213,1,3,False,0.0,0.0,6.814983857727562,0.1629499942162259,0.3399054801319531,0.0233352730726691,0.2819140024487414,500.0,0.0572585261143298,0.0848380137937875,0.0241995131842804,0.0369848744228374,0.0748977781309283,0.0076635888203442,0.0379129037080908,0.067234189310584
C3_risk_cleanup_8864,purposive_stress,risk_cleanup,not_applicable,D75_95,3,8864,7.713013943013888,45.08978679937965,1398750.0,4993750.0,0.9235084140744518,0.992290124746512,0.0676256846248402,4,4,True,0.0,0.0,10.860575556059452,0.3123886666850785,0.468706248898896,0.0607291351395309,0.1166344583328394,500.0,0.0561716222086607,0.0323896087965085,0.0323896087965085,0.0343751214194617,0.013765186714927,0.013765186714927,-0.0206099347045347,0.0
C3_risk_morphology_extreme_11039,purposive_stress,risk_morphology_extreme,not_applicable,D95_100,3,11039,7.708776594998907,45.10864232005814,1398450.0,4995850.0,1.0,2.632436836512123,0.0274885050890934,1,1,True,0.0,0.0,27.335584401226782,0.0107955160968782,0.0976257846738172,0.0031734479306499,0.3960388766724902,500.0,0.1051092060928987,0.1408349206903059,0.0386855960593313,0.0966193775057003,0.1346130964304499,0.0187690177525958,0.0379937189247495,0.115844078677854
C4_distance_stratified_random_1734,probability_sample,distance_stratified_random,preferred,D95_100,4,1734,7.634329677405086,45.03216214544076,1392450.0,4987450.0,0.9565798263193052,1.1570383983837629,0.0455320242828154,3,4,False,0.0167000668002672,0.0023616096731532,12.807446663218352,0.3320171930005548,0.2500520284990684,0.063596902731995,0.0376568187113741,500.0,0.044375422050858,0.044375422050858,0.044375422050858,0.0243281551380307,0.0243281551380307,0.0243281551380307,0.0,0.0
C4_distance_stratified_random_1957,probability_sample,distance_stratified_random,preferred,D00_25,4,1957,7.646978443988107,45.034113103816914,1393450.0,4987650.0,0.1376085504342017,0.399923897496971,0.5332150709357192,5,4,False,0.0832776664439991,0.0117765602367907,15.29464840166266,0.2735651700601651,0.7479401650061529,0.0713991833123393,0.0640748819280296,500.0,0.0334814062758726,0.0334814062758726,0.0334814062758726,0.0113132998468465,0.0113132998468465,0.0113132998468465,0.0,0.0
C4_distance_stratified_random_247,probability_sample,distance_stratified_random,preferred,D95_100,4,247,7.634757703163352,45.01416382778165,1392450.0,4985450.0,0.9625918503674016,1.1752608697265232,0.2016651812593887,2,4,False,0.0167000668002672,0.0023616096731532,16.7371028494306,0.1378170526316751,0.5290660186573313,0.1287186435047916,0.1337967130973288,500.0,0.0572585261143298,0.0572585261143298,0.0572585261143298,0.0346089108804187,0.0346089108804187,0.0346089108804187,0.0,0.0
C4_distance_stratified_random_3945,probability_sample,distance_stratified_random,preferred,D00_25,4,3945,7.663079317344611,45.05140600994246,1394750.0,4989550.0,0.2177688710754843,0.47527670210271,0.6022364458620657,5,4,False,0.0832776664439991,0.0117765602367907,18.3924225703856,0.2870176625362736,0.6231522320861709,0.083321472547178,0.0375403875724444,500.0,0.0464492652963999,0.0464492652963999,0.0464492652963999,0.0219069639268692,0.0219069639268692,0.0219069639268692,0.0,0.0
C4_distance_stratified_random_4239,probability_sample,distance_stratified_random,preferred,D75_95,4,4239,7.651589896749479,45.05397137932152,1393850.0,4989850.0,0.9091516366065464,0.9990204031518022,0.1212004888397076,5,4,False,0.0668002672010688,0.0094464386926128,22.40683739966268,0.2337737464930544,0.9626673792936028,0.0577735378275198,0.0218858563379933,500.0,0.0474341649025256,0.0474341649025256,0.0474341649025256,0.0252314333384075,0.0252314333384075,0.0252314333384075,0.0,0.0
C4_distance_stratified_random_4373,probability_sample,distance_stratified_random,preferred,D25_50,4,4373,7.6934669207674125,45.05535850931726,1397150.0,4989950.0,0.4816299265197061,0.6544479782948782,0.2264330920066731,5,4,False,0.0832776664439991,0.0117765602367907,13.720472765109372,0.2085951058278036,0.64163854489522,0.0550616967462917,0.1000879792574886,500.0,0.0397049621365496,0.0397049621365496,0.0397049621365496,0.0174702748199078,0.0174702748199078,0.0174702748199078,0.0,0.0
C4_distance_stratified_random_5125,probability_sample,distance_stratified_random,preferred,D50_75,4,5125,7.698402586035936,45.06171605708436,1397550.0,4990650.0,0.6479625918503674,0.7392812785691183,0.1192190088738856,2,4,False,0.0832776664439991,0.0117765602367907,13.220002251442208,0.1932549900326464,0.4603363717354928,0.086394781881316,0.1190479989632083,500.0,0.0524622064444761,0.0524622064444761,0.0524622064444761,0.0314439524570102,0.0314439524570102,0.0314439524570102,0.0,0.0
C4_distance_stratified_random_5216,probability_sample,distance_stratified_random,preferred,D25_50,4,5216,7.661557754662083,45.06219018259696,1394650.0,4990750.0,0.4308617234468938,0.6258149744524961,0.410918159244254,5,4,False,0.0832776664439991,0.0117765602367907,18.463889380145243,0.3175775895412994,0.7121490271425728,0.0775601041189069,0.0065333574471155,500.0,0.0602127127461942,0.0602127127461942,0.0602127127461942,0.0368896509475484,0.0368896509475484,0.0368896509475484,0.0,0.0
C4_distance_stratified_random_5551,probability_sample,distance_stratified_random,preferred,D00_25,4,5551,7.628478901617562,45.06449805431045,1392050.0,4991050.0,0.0948563794255177,0.3580242270943107,0.5471798909572992,5,4,False,0.0832776664439991,0.0117765602367907,17.926027044691246,0.2514869126962148,0.7746620238798018,0.0637089040910792,0.0679207947614494,500.0,0.0341397878457856,0.0341397878457856,0.0341397878457856,0.0127490576247671,0.0127490576247671,0.0127490576247671,0.0,0.0
C4_distance_stratified_random_5733,probability_sample,distance_stratified_random,preferred,D50_75,4,5733,7.707189761217508,45.06631673638208,1398250.0,4991150.0,0.554442217768871,0.6914418085684206,0.3135525544757376,2,4,False,0.0832776664439991,0.0117765602367907,13.35958386984189,0.2144231656445519,0.5426843066975008,0.0931458938232568,0.1134293692232647,500.0,0.0429372484672233,0.0429372484672233,0.0429372484672233,0.021025821263802,0.021025821263802,0.021025821263802,0.0,0.0
C4_distance_stratified_random_612,probability_sample,distance_stratified_random,preferred,D25_50,4,612,7.632091667393316,45.01953294938055,1392250.0,4986050.0,0.2818971275885104,0.5250545343315505,0.2167536466331457,5,4,False,0.0832776664439991,0.0117765602367907,16.686862472712214,0.2505332458523468,0.6499096792205816,0.0541117966148783,0.0552245763928591,500.0,0.0215283608208963,0.0215283608208963,0.0215283608208963,0.0056019504920222,0.0056019504920222,0.0056019504920222,0.0,0.0
C4_distance_stratified_random_6456,probability_sample,distance_stratified_random,preferred,D75_95,4,6456,7.691827728085912,45.071542722102734,1397050.0,4991750.0,0.8851035404141616,0.9579032005196692,0.4197210074007048,2,4,False,0.0668002672010688,0.0094464386926128,17.74476833725506,0.282641952776075,0.5297516594111149,0.1197738545736455,0.0897078512114287,500.0,0.0379256663011154,0.0379256663011154,0.0379256663011154,0.0153711948181325,0.0153711948181325,0.0153711948181325,0.0,0.0
C4_distance_stratified_random_7004,probability_sample,distance_stratified_random,preferred,D75_95,4,7004,7.727308604439331,45.07554445049082,1399850.0,4992150.0,0.8690714762859052,0.9290546301248058,0.3139364429116646,2,4,False,0.0668002672010688,0.0094464386926128,19.262716136993873,0.1180266413289187,0.41015415431151,0.1037166044845433,0.1241935913938737,500.0,0.0629832912538631,0.0629832912538631,0.0548659636988428,0.0433086841555786,0.0433086841555786,0.0388861131320751,0.0,0.0044225710235035
C4_distance_stratified_random_9106,probability_sample,distance_stratified_random,preferred,D95_100,4,9106,7.640536920204033,45.09164719567556,1393050.0,4994050.0,0.9792919171676688,1.324527252189922,0.0292732187103812,3,4,False,0.0167000668002672,0.0023616096731532,16.10895935395009,0.4248650275497455,0.177338025384832,0.0551118376715231,0.1500533552577333,500.0,0.0765404957430018,0.0765404957430018,0.0765404957430018,0.0607634692962247,0.0607634692962247,0.0607634692962247,0.0,0.0
C4_distance_stratified_random_964,probability_sample,distance_stratified_random,preferred,D50_75,4,964,7.668783960922364,45.02446758581261,1395150.0,4986550.0,0.7120908483633934,0.7825937551024267,0.2932674689694478,2,4,False,0.0832776664439991,0.0117765602367907,18.51537828848239,0.1636199626644484,0.4758469481855444,0.0607424157613021,0.2073932873385862,500.0,0.0530141705877308,0.0530141705877308,0.0530141705877308,0.0309432220505166,0.0309432220505166,0.0309432220505166,0.0,0.0
C4_risk_boundary_5707,purposive_stress,risk_boundary,not_applicable,D75_95,4,5707,7.674172493913885,45.065938049938424,1395650.0,4991150.0,0.7875751503006012,0.840867434258263,0.0001614223591386,5,4,False,0.0,0.0,18.522727501230563,0.3685284941496221,0.7057323367936831,0.0618584009300769,0.0,500.0,0.0748285712044079,0.0748285712044079,0.0748285712044079,0.0574141348163701,0.0574141348163701,0.0574141348163701,0.0,0.0
C4_risk_cleanup_9490,purposive_stress,risk_cleanup,not_applicable,D95_100,4,9490,7.625205382160339,45.09506423480099,1391850.0,4994450.0,0.9993319973279892,2.1822683418650093,0.0089894121373941,3,3,True,0.0,0.0,26.160935188908013,0.0130816380199545,0.0798224916071248,0.0200093546200329,0.0598643192680358,500.0,0.1369014577439557,0.1369014577439557,0.0457060290978161,0.1308698960050221,0.1308698960050221,0.0236741651572006,0.0,0.1071957308478215
C4_risk_morphology_extreme_4954,purposive_stress,risk_morphology_extreme,not_applicable,D95_100,4,4954,7.632395710827075,45.06004421465288,1392350.0,4990550.0,1.0,2.6284061044170444,0.0255348112041218,2,4,False,0.0,0.0,15.930555236712804,0.0891104752921463,0.3376172232268214,0.1986992921640858,0.0607197854560967,500.0,0.0715133221934315,0.0715133221934315,0.0471807947925877,0.055440307897107,0.055440307897107,0.0293025646796258,0.0,0.0261377432174812
C5_distance_stratified_random_10265,probability_sample,distance_stratified_random,preferred,D25_50,5,10265,7.6644445197581055,45.10183116676189,1394950.0,4995150.0,0.3139398672393596,0.5452145601044173,0.4405686557471105,3,5,False,0.0833007939606924,0.0201524025442408,11.835286809180005,0.3097206577151376,0.7811709622250597,0.0308739920710846,0.0444447709559625,500.0,0.0428440945563815,0.0358363861925622,0.0358363861925622,0.0198605383042645,0.0135235968304618,0.0135235968304618,-0.0063369414738027,0.0
C5_distance_stratified_random_10277,probability_sample,distance_stratified_random,preferred,D25_50,5,10277,7.679692662880105,45.102008537890015,1396150.0,4995150.0,0.3412729402577118,0.5594309227608576,0.6231598587500258,4,5,False,0.0833007939606924,0.0201524025442408,15.401484566267772,0.3627860167024227,1.144703610060608,0.0228340417679889,0.0511137437633716,500.0,0.0458680856210373,0.0721806460354883,0.0721806460354883,0.0236340512607431,0.0545167960378112,0.0545167960378112,0.030882744777068,0.0
C5_distance_stratified_random_1121,probability_sample,distance_stratified_random,preferred,D95_100,5,1121,7.662397229283551,45.02619327287652,1394650.0,4986750.0,0.9988285825849278,1.7595080926975026,0.0229335410837866,3,5,False,0.016790316282702,0.0040619686378235,24.57553645712348,0.1854176836702254,0.3077722994140355,5.0184775846297614e-05,0.0699835756302723,500.0,0.066826292914223,0.0459923559263163,0.0459923559263163,0.0515581398114974,0.0251695778351927,0.0251695778351927,-0.0263885619763046,0.0
C5_distance_stratified_random_1760,probability_sample,distance_stratified_random,preferred,D95_100,5,1760,7.667326988211133,45.0325521260496,1395050.0,4987450.0,0.9535337758688012,0.9845652982799384,0.3648526886328758,4,5,False,0.016790316282702,0.0040619686378235,22.156956137228256,0.3419637600184309,0.8460732840406081,0.0117316205559188,0.0976506668504212,500.0,0.0525600330824246,0.0767415754750493,0.0767415754750493,0.0303786661353717,0.0612539626898168,0.0612539626898168,0.0308752965544451,0.0
C5_distance_stratified_random_1962,probability_sample,distance_stratified_random,preferred,D00_25,5,1962,7.653324277112491,45.03418814002211,1393950.0,4987650.0,0.0292854353768059,0.293082760867296,0.6361504077772181,4,5,False,0.0833007939606924,0.0201524025442408,16.365744622201735,0.3180540302492418,0.836216052326078,0.0438572376707761,0.0765512712179707,500.0,0.0083447410502871,0.0556202059141826,0.0556202059141826,0.0011120962147528,0.0319261866293809,0.0319261866293809,0.0308140904146281,0.0
C5_distance_stratified_random_3623,probability_sample,distance_stratified_random,preferred,D25_50,5,3623,7.639022007119798,45.048421231343376,1392850.0,4989250.0,0.4662241311987505,0.6165560576380382,0.5329476968204594,4,5,False,0.0833007939606924,0.0201524025442408,16.944042213362156,0.3714497190881337,1.1473033338853602,0.0380338456872447,0.0171217663483804,500.0,0.0553011679630927,0.0789196458575626,0.0789196458575626,0.03357465272994,0.0646094828486701,0.0646094828486701,0.03103483011873,0.0
C5_distance_stratified_random_4354,probability_sample,distance_stratified_random,preferred,D75_95,5,4354,7.669343594965428,45.0550798696523,1395250.0,4989950.0,0.8164779383053494,0.7970459736818912,0.3742549814375983,4,5,False,0.0666406351685539,0.0161219220353926,18.991715180078018,0.395172687330352,1.0956337999590526,0.0469222751913943,0.0,500.0,0.0689699160146544,0.0921582914605707,0.0891294784397431,0.0511110350075536,0.0822242319214262,0.0783893550281871,0.0311131969138725,0.0038348768932391
C5_distance_stratified_random_4658,probability_sample,distance_stratified_random,preferred,D00_25,5,4658,7.664202163867622,45.0577203245024,1394850.0,4990250.0,0.2124170245997657,0.481668643271082,0.549900407617256,4,5,False,0.0833007939606924,0.0201524025442408,17.628129509396793,0.3564637927475341,1.007979394027073,0.0434031275542281,0.0293176864636834,500.0,0.0488567938097647,0.07410038852738,0.07410038852738,0.0257834789232975,0.0569480897968215,0.0569480897968215,0.031164610873524,0.0
C5_distance_stratified_random_4997,probability_sample,distance_stratified_random,preferred,D75_95,5,4997,7.686995021732193,45.06068525513208,1396650.0,4990550.0,0.8719250292854354,0.8452600450722753,0.3089619365955489,4,5,False,0.0666406351685539,0.0161219220353926,15.962500792502194,0.4596712708380641,0.5971174055085346,0.0485603537720211,0.0106407707977264,500.0,0.072125271538626,0.0937669314999823,0.0838227636609683,0.0545505693084146,0.0849492898693983,0.0708896700488491,0.0303987205609837,0.0140596198205492
C5_distance_stratified_random_5565,probability_sample,distance_stratified_random,preferred,D50_75,5,5565,7.646256571536472,45.06471025596721,1393450.0,4991050.0,0.697383834439672,0.7212265215785842,0.5359684862712574,4,5,False,0.0833007939606924,0.0201524025442408,13.834214636820326,0.3968018766901957,1.163026721298296,0.0320150462356909,0.0,500.0,0.0537094330294691,0.077680413073969,0.077680413073969,0.0313898341744221,0.0624679799255725,0.0624679799255725,0.0310781457511504,0.0
C5_distance_stratified_random_6067,probability_sample,distance_stratified_random,preferred,D50_75,5,6067,7.674110055210797,45.06863782055862,1395650.0,4991450.0,0.6657555642327216,0.7044204568418008,0.282157522622467,4,5,False,0.0833007939606924,0.0201524025442408,19.142839328713283,0.3588052297744656,0.895618642195585,0.052389922868115,0.0,500.0,0.0529495322740109,0.0768901843971062,0.0768901843971062,0.0299275399657544,0.0610589785244356,0.0610589785244356,0.0311314385586812,0.0
C5_distance_stratified_random_6199,probability_sample,distance_stratified_random,preferred,D95_100,5,6199,7.684248967102723,45.0696552937627,1396450.0,4991550.0,0.983209683717298,1.167019489813732,0.1606288770277883,6,5,False,0.016790316282702,0.0040619686378235,20.35014976480213,0.4994720121389539,0.7651974481119468,0.0020180424461728,0.0126735062754798,500.0,0.1115376136978301,0.1424468177616157,0.0646027552178323,0.1055730297560515,0.1365032862099617,0.0538257197352978,0.0309302564539101,0.0826775664746638
C5_distance_stratified_random_6798,probability_sample,distance_stratified_random,preferred,D50_75,5,6798,7.630803631472412,45.07352761085452,1392250.0,4992050.0,0.6337368215540804,0.6897395199146411,0.0024381850213025,4,5,False,0.0833007939606924,0.0201524025442408,16.553815532264643,0.3259826793261817,0.92446281741165,0.0644383173462023,0.0412771789761072,500.0,0.0257534853783409,0.0611906221364264,0.0611906221364264,0.0079776013492572,0.0390944997240762,0.0390944997240762,0.0311168983748189,0.0
C5_distance_stratified_random_8069,probability_sample,distance_stratified_random,preferred,D00_25,5,8069,7.653452853090854,45.082798652534194,1394050.0,4993050.0,0.2128074970714564,0.4819761929565742,0.5281882262057863,4,5,False,0.0833007939606924,0.0201524025442408,14.230635743676247,0.3410273837014481,0.9251861188968544,0.0491118388936557,0.0118450579878699,500.0,0.0208823623989416,0.0594015051390567,0.0594015051390567,0.0054193863913221,0.0366613030531173,0.0366613030531173,0.0312419166617952,0.0
C5_distance_stratified_random_8949,probability_sample,distance_stratified_random,preferred,D75_95,5,8949,7.692666642335065,45.09045575960492,1397150.0,4993850.0,0.9449433814916048,0.9559152870108408,0.2011050057018524,6,5,False,0.0666406351685539,0.0161219220353926,12.001990132794688,0.4546952416291798,0.8300055521354628,0.0041747101181891,0.0076490459093884,500.0,0.0601083496581809,0.0822764024049062,0.0822764024049062,0.03813672081978,0.0688554952327284,0.0688554952327284,0.0307187744129484,0.0
C5_risk_boundary_4042,purposive_stress,risk_boundary,not_applicable,D25_50,5,4042,7.657980050585188,45.052246345152795,1394350.0,4989650.0,0.3912534166341272,0.584882843238147,0.0003609927997126,4,5,False,0.0,0.0,18.061835898987376,0.2790758553008102,0.8379161516430356,0.0534265238284226,0.0754612350400548,500.0,0.0278613658631905,0.0482691275640971,0.0482691275640971,0.0082336180232887,0.0239463703505987,0.0239463703505987,0.01571275232731,0.0
C5_risk_cleanup_2713,purposive_stress,risk_cleanup,not_applicable,D95_100,5,2713,7.637944818833667,45.040306865724766,1392750.0,4988350.0,0.9711050370948848,1.0822226864193296,0.0114557064929152,4,4,True,0.0,0.0,21.294825567342937,0.2793376211141568,1.170629911648882,0.0564342381521255,0.0798692797753282,500.0,0.0353068738699102,0.0633267240002413,0.0633267240002413,0.0158245481515559,0.0444976090887125,0.0444976090887125,0.0286730609371565,0.0
C5_risk_morphology_extreme_1039,purposive_stress,risk_morphology_extreme,not_applicable,D95_100,5,1039,7.661149219134452,45.02527847136139,1394550.0,4986650.0,1.0,2.211393595403629,0.0386114091467925,4,5,False,0.0,0.0,28.82838489826333,0.1208232695304244,0.4009796534973421,0.0,0.0733973917495491,500.0,0.0765479525597901,0.0526685162382587,0.0526685162382587,0.0623731534714463,0.0321288448474712,0.0321288448474712,-0.0302443086239751,0.0
C6_distance_stratified_random_10944,probability_sample,distance_stratified_random,preferred,D00_25,6,10944,7.71896353509272,45.10785692794994,1399250.0,4995750.0,0.0591259640102827,0.4430552014579512,0.7324221342794863,3,6,False,0.0831191088260497,0.0030543485106114,11.014457432632016,0.5629778434532932,0.0963835992502704,0.0052059280439631,0.0588951290778722,500.0,0.089238278331861,0.089238278331861,0.089238278331861,0.0785030879478737,0.0785030879478737,0.0785030879478737,0.0,0.0
C6_distance_stratified_random_11007,probability_sample,distance_stratified_random,preferred,D75_95,6,11007,7.668110004994065,45.10817510812452,1395250.0,4995850.0,0.7789203084832905,1.0134002586359503,0.1310572726542499,3,6,False,0.0668380462724935,0.0024560740600793,8.482220355269906,0.4347230133047108,0.4623802346525674,0.0023266061835953,0.0712841557736774,500.0,0.1249931504972687,0.1249931504972687,0.053624348725702,0.1188064232693067,0.1188064232693067,0.03364419997237,0.0,0.0851622232969367
C6_distance_stratified_random_11181,probability_sample,distance_stratified_random,preferred,D75_95,6,11181,7.652817936605967,45.109795989765416,1394050.0,4996050.0,0.8586118251928021,1.060583387112701,0.1406360578697324,3,6,False,0.0668380462724935,0.0024560740600793,7.973032253695877,0.4204297564994957,0.463652823096349,0.0007269192957415,0.0307455997274718,500.0,0.1310216267135569,0.1310216267135569,0.0486225796430172,0.125449528682157,0.125449528682157,0.0287166562648224,0.0,0.0967328724173346
C6_distance_stratified_random_11569,probability_sample,distance_stratified_random,preferred,D25_50,6,11569,7.713738658074725,45.114099288393255,1398850.0,4996450.0,0.3624678663239074,0.6873279589033666,0.5301388654330924,3,6,False,0.0831191088260497,0.0030543485106114,9.666843636436578,0.5178370625890376,0.1596360029053526,0.0,0.0945161996608158,500.0,0.1029917760603877,0.1029917760603877,0.0949585345699439,0.0939159508385972,0.0939159508385972,0.0841116314935777,0.0,0.0098043193450194
C6_distance_stratified_random_1169,probability_sample,distance_stratified_random,preferred,D00_25,6,1169,7.620499242348872,45.02659482690923,1391350.0,4986850.0,0.1336760925449871,0.5120344222652234,0.7019386692689674,3,6,False,0.0831191088260497,0.0030543485106114,9.901197767948752,0.5674738826493435,0.1375401949971707,0.0120658942134178,0.0162039442538098,500.0,0.0803175774162115,0.0803175774162115,0.0803175774162115,0.0681144039977116,0.0681144039977116,0.0681144039977116,0.0,0.0
C6_distance_stratified_random_11910,probability_sample,distance_stratified_random,preferred,D50_75,6,11910,7.726348269082018,45.11874145647427,1399850.0,4996950.0,0.6323907455012854,0.9140133456215545,0.1134533000870565,3,6,False,0.0831191088260497,0.0030543485106114,13.575039069871996,0.4013133328905565,0.1418538328581439,0.0,0.1206017492178113,500.0,0.1287940198277039,0.1287940198277039,0.062992352946055,0.1224954928813942,0.1224954928813942,0.0472158032614671,0.0,0.0752796896199271
C6_distance_stratified_random_1349,probability_sample,distance_stratified_random,relaxed,D95_100,6,1349,7.636953386478379,45.02859281982549,1392650.0,4987050.0,0.9537275064267352,1.2118796413056614,0.1234414624508951,3,6,False,0.0171379605826906,0.0006297625795075,16.71241383172965,0.4131425462060573,0.1107035809577402,0.0451234939323037,0.0550347973156736,500.0,0.1012140911012045,0.1012140911012045,0.0803459983574464,0.0928916286883015,0.0928916286883015,0.0669862053883392,0.0,0.0259054232999623
C6_distance_stratified_random_1421,probability_sample,distance_stratified_random,preferred,D25_50,6,1421,7.614089160831184,45.02921769917354,1390850.0,4987150.0,0.4755784061696658,0.7851599154926924,0.4302969787773802,3,6,False,0.0831191088260497,0.0030543485106114,8.781100582698077,0.4735078934799802,0.1348119158037738,0.0102716728871352,0.0430169680021325,500.0,0.1275605326804372,0.1275605326804372,0.0791579543391554,0.1209957445759124,0.1209957445759124,0.0662798369100431,0.0,0.0547159076658693
C6_distance_stratified_random_1531,probability_sample,distance_stratified_random,preferred,D25_50,6,1531,7.633103424001118,45.030347127735475,1392350.0,4987250.0,0.4267352185089974,0.7364280460406833,0.6675246482956758,5,6,False,0.0831191088260497,0.0030543485106114,14.660270943751405,0.7405128360486586,0.1396366886164015,0.0104515576512219,0.0019924873706141,500.0,0.2624741778993258,0.2624741778993258,0.2624741778993258,0.2594177954187196,0.2594177954187196,0.2594177954187196,0.0,0.0
C6_distance_stratified_random_5953,probability_sample,distance_stratified_random,preferred,D95_100,6,5953,7.6842902771707084,45.067855439797725,1396450.0,4991350.0,0.9691516709511568,1.2247590986698391,0.0863687745442211,5,6,False,0.0171379605826906,0.0006297625795075,19.4153890791128,0.570223298687948,0.7322621238195314,0.0004341015687959,0.0158979094653498,500.0,0.081719533722243,0.081719533722243,0.081719533722243,0.0694518319662651,0.0694518319662651,0.0694518319662651,0.0,0.0
C6_distance_stratified_random_7173,probability_sample,distance_stratified_random,preferred,D50_75,6,7173,7.611687936729619,45.07599723098327,1390750.0,4992350.0,0.6195372750642674,0.9101365482549598,0.0880573418834594,3,6,False,0.0831191088260497,0.0030543485106114,11.275683570403888,0.4095665831173197,0.3386864875412831,0.0258507031690079,0.0452587469299923,500.0,0.1214119746149805,0.1214119746149805,0.0563137006128378,0.1151188431984995,0.1151188431984995,0.0366648510343334,0.0,0.078453992164166
C6_distance_stratified_random_735,probability_sample,distance_stratified_random,block_only,D95_100,6,735,7.628242174307322,45.021287101586,1391950.0,4986250.0,0.9665809768637532,1.2244238356145296,0.1332212743016541,5,6,False,0.0171379605826906,0.0006297625795075,20.42400086453041,0.408661870403422,0.2029383419310846,0.0140762684269062,0.0472413164482181,500.0,0.0902242260088947,0.0902242260088947,0.0862591402079014,0.0784553911584569,0.0784553911584569,0.0743835395696125,0.0,0.0040718515888444
C6_distance_stratified_random_921,probability_sample,distance_stratified_random,preferred,D75_95,6,921,7.614219500368659,45.02381825328629,1390850.0,4986550.0,0.8174807197943444,1.040675945126322,0.5959717339141695,5,6,False,0.0668380462724935,0.0024560740600793,9.369217656012744,0.7867217343587793,0.1005663992506719,0.0028627867583445,0.0114294802770082,500.0,0.3510551609468194,0.3510551609468194,0.3510551609468194,0.3487000868522637,0.3487000868522637,0.3487000868522637,0.0,0.0
C6_distance_stratified_random_9303,probability_sample,distance_stratified_random,preferred,D00_25,6,9303,7.6430351520748365,45.09347724173274,1393250.0,4994250.0,0.0771208226221079,0.4661151019970799,0.7035416548095083,5,6,False,0.0831191088260497,0.0030543485106114,15.569162215491197,0.6004636081740645,0.3229026735749386,0.0077020452118204,0.0678384769061163,500.0,0.0669883790099031,0.0669883790099031,0.0669883790099031,0.049870787378885,0.049870787378885,0.049870787378885,0.0,0.0
C6_distance_stratified_random_934,probability_sample,distance_stratified_random,preferred,D50_75,6,934,7.6307155368634705,45.024017311664416,1392150.0,4986550.0,0.5989717223650386,0.9022774657630666,0.3816635836334897,5,6,False,0.0831191088260497,0.0030543485106114,18.820832604943607,0.5222915158995853,0.239592547587063,0.0253955722535783,0.0099400502835741,500.0,0.0511957475402991,0.0511957475402991,0.0511957475402991,0.0408944654682766,0.0408944654682766,0.0408944654682766,0.0,0.0
C6_risk_boundary_1173,purposive_stress,risk_boundary,not_applicable,D75_95,6,1173,7.625575186379634,45.02665605318248,1391750.0,4986850.0,0.8277634961439588,1.043568977460576,0.0035590726157831,5,6,False,0.0,0.0,16.403039809149234,0.369087873691593,0.3087193342637719,0.0216764225553996,0.0,500.0,0.1137769989033462,0.1137769989033462,0.0626015157299685,0.1077031000601053,0.1077031000601053,0.0424286669696553,0.0,0.06527443309045
C6_risk_cleanup_12909,purposive_stress,risk_cleanup,not_applicable,D75_95,6,12909,7.668752855892734,45.135187320140695,1395350.0,4998850.0,0.9151670951156812,1.125856699217136,0.0444935569659433,3,3,True,0.0,0.0,7.3294363761815315,0.3936924968472916,0.2881060524855798,0.0,0.0467182965719551,500.0,0.1554526458898504,0.1554526458898504,0.0502959279196318,0.1504184881433877,0.1504184881433877,0.0316707321350896,0.0,0.118747756008298
C6_risk_morphology_extreme_1435,purposive_stress,risk_morphology_extreme,not_applicable,D95_100,6,1435,7.631855799498378,45.02943201118437,1392250.0,4987150.0,1.0,1.3818097520379855,0.5116215656700885,5,6,False,0.0,0.0,15.01324244710755,0.9007083314996973,0.1113109609323113,0.0,0.0026434951253777,500.0,1.3325371481281685,1.3325371481281685,1.3325371481281685,1.3316478545199135,1.3316478545199135,1.3316478545199135,0.0,0.0
