sample_id,selection_group,selection_role,selection_tier,cluster,cluster_medoid_grid_id,four_file_representative_cluster,grid_id,grid_row,grid_col,center_lon,center_lat,center_x_3003,center_y_3003,macroblock_id,distance_stratum,distance_percentile,distance_to_medoid_k7,second_nearest_cluster,second_nearest_distance,assignment_margin,relative_assignment_margin,cleanup_cluster,cleanup_changed,spatial_component_id,spatial_component_size,same_label_neighbor_share,stratum_population,stratum_sample_size,inclusion_probability,within_cluster_weight,citywide_nonmedoid_weight,built_frac,avg_height_m,facade_to_site_ratio,uwg_treecover,uwg_grasscover,charlength_m,road_frac,green_pct,tree_canopy_pct,tree_count,tree_density_ha,tree_mean_height_m,building_count,height_valid_footprint_frac
C0_distance_stratified_random_6001,probability_sample,distance_stratified_random,preferred,0,12618,1,6001,67,132,7.745248014885036,45.068541721409254,1401250.0,4991350.0,6_13,D00_25,0.0362731152204836,0.1836015073453886,1,1.1765986251342593,0.9929971177888706,0.8439557012703136,0,False,C0_component_0014,340,1.0,351.0,3.0,0.0085470085470085,0.0832147937411095,0.011052333270357,0.0310831873977427,7.420408970606594,0.0562686805405967,0.0,0.1745388903439252,500,0.0667811782051444,17.45388903439252,0.0,0,0.0,,67,0.9409284702248832
C0_distance_stratified_random_11610,probability_sample,distance_stratified_random,preferred,0,12618,1,11610,119,84,7.683214950833288,45.11465144812712,1396450.0,4996550.0,11_8,D00_25,0.096728307254623,0.2563519123678072,1,1.1911681534049858,0.9348162410371784,0.7847894844778895,0,False,C0_component_0036,612,1.0,351.0,3.0,0.0085470085470085,0.0832147937411095,0.011052333270357,0.0274416373525027,5.884981867244504,0.043838690486568,0.0,0.1755313618912283,500,0.0370588461811427,17.553136189122835,0.0,0,0.0,,70,0.9825026504153076
C0_distance_stratified_random_12811,probability_sample,distance_stratified_random,preferred,0,12618,1,12811,139,83,7.68152929664189,45.13263512864576,1396350.0,4998550.0,13_8,D00_25,0.131578947368421,0.2859899261763833,3,1.1776714076465589,0.8916814814701755,0.7571564323295397,0,False,C0_component_0036,612,1.0,351.0,3.0,0.0085470085470085,0.0832147937411095,0.011052333270357,0.0420477383428866,7.264166023421631,0.0784936402511484,0.0001525895596463,0.0818342144491421,500,0.0658216411013159,8.198680400878851,0.0152589559646377,2,0.08,9.5,102,0.9132169734876892
C0_distance_stratified_random_1754,probability_sample,distance_stratified_random,preferred,0,12618,1,1754,28,64,7.659712164622261,45.03246297649031,1394450.0,4987450.0,2_6,D25_50,0.4907539118065434,0.5088651276836342,3,1.0523765722518517,0.5435114445682173,0.5164609882992965,0,False,C0_component_0006,17,0.75,352.0,3.0,0.0085227272727272,0.0834518729255571,0.0110838213993324,0.1061564859218727,7.908405146663617,0.0645383192864259,0.0001284886273377,0.0585152757001056,500,0.3658273767329203,5.864376432744331,0.0128488627337706,2,0.08,9.0,77,0.985261013557286
C0_distance_stratified_random_3692,probability_sample,distance_stratified_random,preferred,0,12618,1,3692,46,117,7.726618212928142,45.049431938501975,1399750.0,4989250.0,4_11,D25_50,0.3065433854907539,0.4007397867598483,1,1.0729539023743828,0.6722141156145345,0.6265079181192825,0,False,C0_component_0014,340,1.0,352.0,3.0,0.0085227272727272,0.0834518729255571,0.0110838213993324,0.0175846193901721,5.49762644303244,0.0358354236154461,0.0,0.203598738723907,500,0.0544485425501862,20.3598738723907,0.0,0,0.0,,67,0.8481662115729359
C0_distance_stratified_random_12341,probability_sample,distance_stratified_random,preferred,0,12618,1,12341,130,70,7.665190625610581,45.12434385343058,1395050.0,4997650.0,13_7,D25_50,0.2773826458036984,0.3878588545571687,3,1.4907349523875142,1.1028760978303451,0.7398203792458302,0,False,C0_component_0036,612,1.0,352.0,3.0,0.0085227272727272,0.0834518729255571,0.0110838213993324,0.0114622717939933,4.5106808830260645,0.0203507143220733,0.0,0.1229480439750066,500,0.0471041545431037,12.294804397500664,0.0,0,0.0,,52,0.9616999404706648
C0_distance_stratified_random_453,probability_sample,distance_stratified_random,preferred,0,12618,1,453,12,21,7.605490080237324,45.017410744616875,1390150.0,4985850.0,1_2,D50_75,0.6322901849217639,0.5768823577848713,3,0.6720359736434576,0.0951536158585861,0.1415900630180684,0,False,C0_component_0003,9,0.3333333333333333,351.0,3.0,0.0085470085470085,0.0832147937411095,0.011052333270357,0.1031295942860612,9.8950098852444,0.1805271957632342,0.0119115918170836,0.1037730816816273,500,0.1893823579936404,11.568467349871096,1.1911591817083642,124,4.96,11.736842105263158,100,0.9632227224467464
C0_distance_stratified_random_6626,probability_sample,distance_stratified_random,preferred,0,12618,1,6626,72,130,7.742609364910293,45.07301351227342,1401050.0,4991850.0,7_13,D50_75,0.5298719772403983,0.5278760041365655,1,0.8405188942849968,0.312642890148431,0.3719641429528917,0,False,C0_component_0014,340,0.75,351.0,3.0,0.0085470085470085,0.0832147937411095,0.011052333270357,0.0389055680716343,6.47111977310405,0.0860635736678778,0.0,0.2437695725120901,500,0.0507403406196145,24.376957251209017,0.0,0,0.0,,168,0.9237921699930772
C0_distance_stratified_random_12424,probability_sample,distance_stratified_random,preferred,0,12618,1,12424,131,94,7.695678537918608,45.125596418297334,1397450.0,4997750.0,13_9,D50_75,0.5056899004267426,0.5165922626907785,1,1.266028419048835,0.749436156358056,0.5919583992601891,0,False,C0_component_0036,612,0.75,351.0,3.0,0.0085470085470085,0.0832147937411095,0.011052333270357,0.0164682891013955,3.709749934051337,0.0272917291535817,0.0,0.1786814208897748,500,0.1511478027580467,17.868142088977486,0.0,0,0.0,,75,0.9959648903597864
C0_distance_stratified_random_1492,probability_sample,distance_stratified_random,preferred,0,12618,1,1492,25,99,7.704193413659611,45.030276039883425,1397950.0,4987150.0,2_9,D75_95,0.8726884779516358,0.7409928717901557,1,0.7697155666467661,0.0287226948566101,0.0373159854122989,0,False,C0_component_0005,99,0.5,281.0,3.0,0.0106761565836298,0.0666192508297771,0.0088481642420807,0.0156611780756191,4.9960950103955675,0.0310119953015604,0.0,0.2755062176269732,500,0.0549596535819186,27.55062176269732,0.0,0,0.0,,69,0.9625444167793674
C0_distance_stratified_random_3271,probability_sample,distance_stratified_random,preferred,0,12618,1,3271,42,87,7.68861462644259,45.04540102604248,1396750.0,4988850.0,4_8,D75_95,0.9011379800853484,0.7795195477681118,1,0.976256806224928,0.1967372584568153,0.2015220351882365,0,False,C0_component_0012,5,0.5,281.0,3.0,0.0106761565836298,0.0666192508297771,0.0088481642420807,0.0361629700037595,8.463843816456405,0.1035821619074574,0.0283935524821017,0.2469961791754713,500,0.1303561836758961,27.5389731657573,2.839355248210173,156,6.24,21.23076923076923,117,0.8468872210440701
C0_distance_stratified_random_7630,probability_sample,distance_stratified_random,preferred,0,12618,1,7630,80,102,7.706885249015084,45.079815753250855,1398250.0,4992650.0,8_10,D75_95,0.7994310099573257,0.6818863535598555,3,1.1192947213379936,0.4374083677781377,0.3907892706357662,0,False,C0_component_0022,42,1.0,281.0,3.0,0.0106761565836298,0.0666192508297771,0.0088481642420807,0.0788409632451693,7.25654859227979,0.1286472989892137,0.0160897241489588,0.0216150889940438,500,0.3322831583818627,3.7704813143002633,1.6089724148958835,63,2.52,18.20634920634921,114,0.9892725748225788
C0_distance_stratified_random_9466,probability_sample,distance_stratified_random,preferred,0,12618,1,9466,97,115,7.723057043158445,45.09530054852052,1399550.0,4994350.0,9_11,D95_100,0.9793741109530584,0.9346117525561234,1,1.0602824010048058,0.1256706484486813,0.1185256383861376,0,False,C0_component_0025,62,0.75,71.0,3.0,0.0422535211267605,0.0168326220957799,0.0022356571572517,0.0146425681531985,5.303288377565389,0.0228400094174051,0.0352319718242298,0.2578157143772148,500,0.0479587416606574,29.30476862014447,3.5231971824229857,283,11.32,12.980891719745223,33,0.9805431519257796
C0_distance_stratified_random_11167,probability_sample,distance_stratified_random,preferred,0,12618,1,11167,114,46,7.635026227807192,45.109584644342206,1392650.0,4996050.0,11_4,D95_100,0.9715504978662872,0.9145566424170224,3,1.0316406182430842,0.1170839758260615,0.113492987534224,3,True,C0_component_0033,2,0.3333333333333333,71.0,3.0,0.0422535211267605,0.0168326220957799,0.0022356571572517,0.0729754238581356,12.303151996787095,0.0716067232205982,0.0,0.254625491363769,500,0.2716181065170424,25.462549136376904,0.0,0,0.0,,22,0.9910895112138514
C0_distance_stratified_random_12486,probability_sample,distance_stratified_random,preferred,0,12618,1,12486,132,100,7.703285455100344,45.12658323334877,1398050.0,4997850.0,13_10,D95_100,0.97226173541963,0.9156636915935128,1,1.0598136657778807,0.1441499741843666,0.1360144512559795,0,False,C0_component_0036,612,0.5,71.0,3.0,0.0422535211267605,0.0168326220957799,0.0022356571572517,0.0487577067699082,6.76002870209303,0.1094706690528781,0.0374890430452815,0.2513506208095801,500,0.0953358967491979,28.883966385486172,3.7489043045281543,193,7.72,16.35185185185185,134,0.9355893946228964
C0_risk_boundary_10420,purposive_stress,risk_boundary,not_applicable,0,12618,1,10420,106,115,7.722876420474993,45.10339997182674,1399550.0,4995250.0,10_11,D75_95,0.9473684210526316,0.8484865814695391,3,0.8486274095761666,0.0001408281066272,0.0001659481004716,0,False,C0_component_0025,62,0.5,,,,0.0,0.0,0.2110175022185844,6.477205875068935,0.2834848096151942,0.0,0.167753232932701,500,0.1344767186004364,16.77532329327011,0.0,0,0.0,,406,0.9298950615342596
C0_risk_cleanup_104,purposive_stress,risk_cleanup,not_applicable,0,12618,1,104,5,36,7.62467264523403,45.01134225087485,1391650.0,4985150.0,0_3,D95_100,0.9886201991465148,0.946910823089928,2,0.9583125090248704,0.011401685934941,0.0118976699433286,3,True,C0_component_0001,1,0.0,,,,0.0,0.0,0.1057075268461575,8.087228335034649,0.1705092786081465,0.0355469990468574,0.2488183982538878,500,0.1456952249657202,28.43653973007453,3.554699904685741,146,5.84,14.49655172413793,143,0.9835111269764296
C0_risk_morphology_extreme_7627,purposive_stress,risk_morphology_extreme,not_applicable,0,12618,1,7627,80,99,7.703074634568938,45.07977252546067,1397950.0,4992650.0,8_9,D95_100,1.0,1.343011153786396,2,1.3942077330909126,0.0511965793045143,0.0367209118766062,0,False,C0_component_0022,42,0.5,,,,0.0,0.0,0.0415973062024375,7.114631395671056,0.0645588145036118,0.0610480008960186,0.014361042480407,500,0.3213223867410931,7.540904337642572,6.104800089601866,230,9.2,19.34070796460177,27,0.9821391305467608
C1_distance_stratified_random_2786,probability_sample,distance_stratified_random,preferred,1,3788,1,2786,37,120,7.730606065573296,45.041374834749014,1400050.0,4988350.0,3_12,D00_25,0.0901502504173622,0.2168503458949394,0,1.2636032182749346,1.0467528723799953,0.8283873111759066,1,False,C1_component_0002,1289,1.0,449.0,3.0,0.0066815144766146,0.0832869597477276,0.0141381699099439,0.0272299046400749,6.253552414915782,0.0609705684099886,0.0,0.3940392465531804,500,0.0674734476518763,39.40392465531804,0.0,0,0.0,,94,0.90173603060356
C1_distance_stratified_random_4491,probability_sample,distance_stratified_random,preferred,1,3788,1,4491,54,107,7.713761387536048,45.05648914161476,1398750.0,4990050.0,5_10,D00_25,0.0272676683361157,0.1523008187051875,0,1.498524370759474,1.3462235520542865,0.8983661382644053,1,False,C1_component_0002,1289,1.0,449.0,3.0,0.0066815144766146,0.0832869597477276,0.0141381699099439,0.044890252351507,7.187106896742487,0.1156793282073984,0.0034554183561514,0.4423504671504474,500,0.0916767381275467,44.58058855065989,0.3455418356151477,25,1.0,13.88,158,0.9096867075668904
C1_distance_stratified_random_6367,probability_sample,distance_stratified_random,preferred,1,3788,1,6367,70,127,7.738838752105123,45.07117158985421,1400750.0,4991650.0,7_12,D00_25,0.0244852531997774,0.147398141845423,0,1.3748008416919115,1.2274026998464886,0.8927858222256932,1,False,C1_component_0002,1289,1.0,449.0,3.0,0.0066815144766146,0.0832869597477276,0.0141381699099439,0.0293377933204771,6.679357906658355,0.0724922931219934,0.0,0.4175518930380423,500,0.0969581828113275,41.75518930380423,0.0,0,0.0,,123,0.869026786574356
C1_distance_stratified_random_1692,probability_sample,distance_stratified_random,preferred,1,3788,1,1692,27,104,7.710498535608889,45.03214777679598,1398450.0,4987350.0,2_10,D25_50,0.4574290484140234,0.4874845004716052,0,0.9917701859920104,0.504285685520405,0.5084703015305881,1,False,C1_component_0003,10,0.5,449.0,3.0,0.0066815144766146,0.0832869597477276,0.0141381699099439,0.0112222440262054,8.831664331871867,0.025523451304929,0.0,0.3333628197059724,500,0.0903663248034094,33.33628197059724,0.0,0,0.0,,27,0.9799875267895364
C1_distance_stratified_random_2099,probability_sample,distance_stratified_random,preferred,1,3788,1,2099,31,88,7.690110056014237,45.03551633287047,1396850.0,4987750.0,3_8,D25_50,0.2615470228158041,0.3408941837246948,0,1.134964060020719,0.7940698762960239,0.69964319071172,1,False,C1_component_0002,1289,1.0,449.0,3.0,0.0066815144766146,0.0832869597477276,0.0141381699099439,0.0803150659039946,7.096912695876589,0.2096465071687761,0.002149154075339,0.3599982812962677,500,0.1017145747429932,36.21474353716068,0.2149154075339065,27,1.08,4.62962962962963,291,0.9179054058952726
C1_distance_stratified_random_3675,probability_sample,distance_stratified_random,preferred,1,3788,1,3675,46,100,7.705036111833724,45.04918915951141,1398050.0,4989250.0,4_10,D25_50,0.3411240957150807,0.3984544914488463,0,1.661440097831888,1.2629856063830416,0.7601752287254814,1,False,C1_component_0002,1289,1.0,449.0,3.0,0.0066815144766146,0.0832869597477276,0.0141381699099439,0.0794515536551087,8.568985398410508,0.2200377953626222,0.0,0.4670633536407309,500,0.0913682368514541,46.70633536407309,0.0,0,0.0,,262,0.9205242176246664
C1_distance_stratified_random_3393,probability_sample,distance_stratified_random,preferred,1,3788,1,3393,43,114,7.722869692980484,45.04668955945221,1399450.0,4988950.0,4_11,D50_75,0.5425709515859767,0.5475736506969856,0,0.8215438910534698,0.2739702403564839,0.3334821709953566,1,False,C1_component_0002,1289,1.0,449.0,3.0,0.0066815144766146,0.0832869597477276,0.0141381699099439,0.0225813833502177,7.28818212701747,0.0545921953737687,0.0,0.3051664811482021,500,0.0528420577864262,30.51664811482021,0.0,0,0.0,,59,0.8642751149855019
C1_distance_stratified_random_4826,probability_sample,distance_stratified_random,preferred,1,3788,1,4826,57,133,7.746714725524464,45.0595561757998,1401350.0,4990350.0,5_13,D50_75,0.674457429048414,0.6461365247443994,0,0.7257141221945683,0.0795775974501685,0.1096541944223504,1,False,C1_component_0007,40,0.5,449.0,3.0,0.0066815144766146,0.0832869597477276,0.0141381699099439,0.0434258788146865,6.44375469313736,0.1085612656765592,0.0,0.2836747613878339,500,0.0938533012763361,28.36747613878339,0.0,0,0.0,,182,0.9471889405272176
C1_distance_stratified_random_6237,probability_sample,distance_stratified_random,preferred,1,3788,1,6237,69,122,7.732508510384487,45.07020131654973,1400250.0,4991550.0,6_12,D50_75,0.6833611574846967,0.6538689101560523,0,0.739372456499272,0.0855035463432193,0.1156434021738589,1,False,C1_component_0002,1289,1.0,449.0,3.0,0.0066815144766146,0.0832869597477276,0.0141381699099439,0.055703707116099,7.739524860229092,0.1701645815648012,0.0,0.2820342141812582,500,0.109826296299154,28.203421418125817,0.0,0,0.0,,243,0.8825028579894724
C1_distance_stratified_random_304,probability_sample,distance_stratified_random,preferred,1,3788,1,304,9,50,7.642348750601823,45.0151545327433,1393050.0,4985550.0,0_5,D75_95,0.905954368391764,0.9515438646090552,0,2.289494235717771,1.337950371108716,0.584386870355784,1,False,C1_component_0001,48,1.0,360.0,3.0,0.0083333333333333,0.0667779632721202,0.0113357264311354,0.0900030096079102,8.300935436240495,0.137998199413107,0.0004337349215478,0.5994420016002623,500,0.1603726594365027,59.98757365218101,0.0433734921547805,5,0.2,14.4,100,0.9961909263756864
C1_distance_stratified_random_1668,probability_sample,distance_stratified_random,preferred,1,3788,1,1668,27,80,7.680039134610149,45.03179964944444,1396050.0,4987350.0,2_8,D75_95,0.773511407902059,0.7412072497100203,3,0.9994056997947104,0.2581984500846899,0.2583519887246259,1,False,C1_component_0002,1289,0.75,360.0,3.0,0.0083333333333333,0.0667779632721202,0.0113357264311354,0.1169737844530792,9.140008257340256,0.324654329451803,0.007276213095759,0.3092070701279612,500,0.1381881695642219,31.648328322372027,0.7276213095759057,55,2.2,15.24074074074074,291,0.8648050642777733
C1_distance_stratified_random_8117,probability_sample,distance_stratified_random,preferred,1,3788,1,8117,84,108,7.714425742479878,45.08350157038573,1398850.0,4993050.0,8_10,D75_95,0.8597662771285476,0.8707922155263186,2,1.1814748918338105,0.3106826763074903,0.2629617255981364,1,False,C1_component_0011,27,0.75,360.0,3.0,0.0083333333333333,0.0667779632721202,0.0113357264311354,0.0798606355884673,6.7761003760071965,0.2052502636806164,0.0440382259004401,0.3886857405420467,500,0.2951874040934488,43.27239664424869,4.403822590044014,519,20.76,14.453703703703704,250,0.9975444967971144
C1_distance_stratified_random_8769,probability_sample,distance_stratified_random,preferred,1,3788,1,8769,90,115,7.723197474582995,45.08900098869453,1399550.0,4993650.0,9_11,D95_100,0.9938786867000556,2.2025070870385264,2,2.30253018186433,0.1000230948258003,0.0434405140977621,1,False,C1_component_0012,140,0.75,90.0,3.0,0.0333333333333333,0.01669449081803,0.0028339316077838,0.0126093047489767,3.8803646267260943,0.0179875333477192,0.0938487679129658,0.6359727889705982,500,0.0388113986710358,72.9821556883564,9.384876791296584,818,32.72,18.893103448275863,35,0.9615727165502964
C1_distance_stratified_random_9179,probability_sample,distance_stratified_random,preferred,1,3788,1,9179,94,123,7.733281245515811,45.09271397130177,1400350.0,4994050.0,9_12,D95_100,0.9504730105731776,1.1946920155647902,0,1.2308492333672965,0.0361572178025044,0.0293758299735763,1,False,C1_component_0002,1289,0.5,90.0,3.0,0.0333333333333333,0.01669449081803,0.0028339316077838,0.0090736946593114,4.3247737078122475,0.014054232477362,0.0472910858225656,0.2835177387803968,500,0.0715685259304365,33.080882460296245,4.729108582256561,836,33.44,12.0,26,0.9301026151046072
C1_distance_stratified_random_12739,probability_sample,distance_stratified_random,preferred,1,3788,1,12739,137,109,7.714625569887087,45.13121225961521,1398950.0,4998350.0,13_10,D95_100,0.9671675013912076,1.4637096055791958,3,2.028667386429507,0.5649577808503112,0.2784871411792387,1,False,C1_component_0026,1,,90.0,3.0,0.0333333333333333,0.01669449081803,0.0028339316077838,0.0633810850199033,17.484892521044035,0.2768384608607654,0.0,0.4963971124110392,500,0.2590773311061888,49.639711241103925,0.0,0,0.0,,93,0.9969735890767056
C1_risk_boundary_4928,purposive_stress,risk_boundary,not_applicable,1,3788,1,4928,58,131,7.744155463740197,45.06042821664022,1401150.0,4990450.0,5_13,D50_75,0.7173066221480244,0.6842428184047838,0,0.6842737730124353,3.095460765112357e-05,4.5237168034147395e-05,1,False,C1_component_0007,40,0.5,,,,0.0,0.0,0.0349236247810684,6.488179577627693,0.0884105518679827,0.0,0.2761365325261015,500,0.0843645791363842,27.61365325261015,0.0,0,0.0,,145,0.9487326528878882
C1_risk_cleanup_11040,purposive_stress,risk_cleanup,not_applicable,1,3788,1,11040,112,105,7.710047441862031,45.10865668716389,1398550.0,4995850.0,11_10,D75_95,0.9460211463550362,1.1587459974019645,0,1.1800239116630462,0.0212779142610815,0.0180317653318514,0,True,C1_component_0017,1,0.0,,,,0.0,0.0,0.0256504701508352,14.299390935615682,0.0912056407021042,0.0045563148874344,0.2758502796941793,500,0.1386819889384606,28.040659458161375,0.4556314887434403,25,1.0,16.38095238095238,64,0.8345428166898506
C1_risk_morphology_extreme_122,purposive_stress,risk_morphology_extreme,not_applicable,1,3788,1,122,5,54,7.647508496617989,45.01161508703326,1393450.0,4985150.0,0_5,D95_100,1.0,2.680045513606842,2,2.928963621984319,0.248918108377476,0.0849850460788033,1,False,C1_component_0001,48,1.0,,,,0.0,0.0,0.02467376628852,22.818252272190666,0.1113565517470353,0.0388669207051448,0.7180219705614908,500,0.1775609243529055,75.68888912666355,3.8866920705144823,285,11.4,11.245283018867925,42,0.919047090824998
C2_distance_stratified_random_3336,probability_sample,distance_stratified_random,preferred,2,10026,2,3336,43,57,7.650510842690948,45.04585711774437,1393750.0,4988950.0,4_5,D00_25,0.1271794871794871,0.5579715902509343,4,1.0895011590729806,0.5315295688220463,0.4878650787983619,2,False,C2_component_0016,46,0.75,243.0,3.0,0.0123456790123456,0.083076923076923,0.0076516153410164,0.1359529274197665,14.824411961617535,0.4083092718740957,0.0765062609600288,0.2696561180316573,500,0.243104661924755,34.61623789916862,7.650626096002883,593,23.72,13.708688245315162,156,0.9826353000048622
C2_distance_stratified_random_8811,probability_sample,distance_stratified_random,preferred,2,10026,2,8811,91,54,7.645682496774693,45.0890078707187,1393450.0,4993750.0,9_5,D00_25,0.1641025641025641,0.59752398352644,3,1.7213647082238177,1.1238407246973774,0.6528777541030265,2,False,C2_component_0029,160,1.0,243.0,3.0,0.0123456790123456,0.083076923076923,0.0076516153410164,0.0723666083170298,13.45734395917509,0.0674891992606967,0.0789379625688864,0.323129684913119,500,0.1897470953165262,40.20676474820055,7.893796256888644,686,27.44,14.776923076923078,38,0.97893950534158
C2_distance_stratified_random_9808,probability_sample,distance_stratified_random,preferred,2,10026,2,9808,101,43,7.631493394470315,45.09784027021394,1392350.0,4994750.0,10_4,D00_25,0.2112820512820512,0.6318458131344992,3,1.2489890614426575,0.6171432483081578,0.4941142139350045,2,False,C2_component_0035,118,0.75,243.0,3.0,0.0123456790123456,0.083076923076923,0.0076516153410164,0.105587025498696,14.736347139941484,0.2447858744174917,0.0575103290682196,0.2930066551814246,500,0.2631602253949353,35.05169842496443,5.751032906821968,449,17.96,16.240506329113924,66,0.9824129346820653
C2_distance_stratified_random_7646,probability_sample,distance_stratified_random,preferred,2,10026,2,7646,80,118,7.727208670694564,45.08004415466845,1399850.0,4992650.0,8_11,D25_50,0.483076923076923,0.8261824360689677,0,1.468066896280671,0.6418844602117034,0.4372310702175149,2,False,C2_component_0024,267,1.0,244.0,3.0,0.0122950819672131,0.0834188034188034,0.0076831034699918,0.0481709180985038,6.437327879989613,0.1160584991932679,0.0668193160110048,0.2699091738589403,500,0.1607274130244988,33.67284898699451,6.68193160110048,386,15.44,16.711309523809526,175,0.9256058826365288
C2_distance_stratified_random_8368,probability_sample,distance_stratified_random,preferred,2,10026,2,8368,87,32,7.617821260948846,45.08507328889955,1391250.0,4993350.0,8_3,D25_50,0.2523076923076923,0.6584182121898505,3,1.1266716073929126,0.4682533952030615,0.4156076998217671,2,False,C2_component_0026,8,0.75,244.0,3.0,0.0122950819672131,0.0834188034188034,0.0076831034699918,0.1454816663848667,12.82391362026674,0.4650952065473668,0.0567750910799817,0.2974770818001518,500,0.2770954881038843,35.42521728801336,5.677509107998175,462,18.48,9.43961038961039,130,0.9883811692430368
C2_distance_stratified_random_9462,probability_sample,distance_stratified_random,preferred,2,10026,2,9462,97,111,7.717974820555443,45.095243587447264,1399150.0,4994350.0,9_11,D25_50,0.358974358974359,0.7426673646745307,1,1.5191796163391529,0.7765122516646219,0.5111391986260482,2,False,C2_component_0024,267,1.0,244.0,3.0,0.0122950819672131,0.0834188034188034,0.0076831034699918,0.097811498333964,12.07684057607607,0.2830463019641628,0.0683554507248279,0.3864930774632959,500,0.2161084250777892,45.484852818812385,6.835545072482797,487,19.48,16.257328990228014,174,0.9856133203666506
C2_distance_stratified_random_8348,probability_sample,distance_stratified_random,preferred,2,10026,2,8348,86,120,7.729629403078135,45.085472095998625,1400050.0,4993250.0,8_12,D50_75,0.5661538461538461,0.8916149101336283,1,1.0807179224793266,0.1891030123456972,0.1749790656861385,2,False,C2_component_0024,267,0.5,244.0,3.0,0.0122950819672131,0.0834188034188034,0.0076831034699918,0.0934837153518284,7.909692167857072,0.2481385577844305,0.0409692628574548,0.2723992358083917,500,0.220784081627319,31.33684986658466,4.096926285745484,332,13.28,14.017142857142858,335,0.9551974853763512
C2_distance_stratified_random_8484,probability_sample,distance_stratified_random,preferred,2,10026,2,8484,88,41,7.629232260115782,45.086111040980114,1392150.0,4993450.0,8_4,D50_75,0.6030769230769231,0.9253379524335652,1,1.0851934740760552,0.1598555216424889,0.1473060108277849,2,False,C2_component_0029,160,1.0,244.0,3.0,0.0122950819672131,0.0834188034188034,0.0076831034699918,0.0730893522241656,10.830425287544188,0.1951446173310605,0.050043402652408,0.388289566876583,500,0.1845985706963626,43.83329695289911,5.004340265240806,582,23.28,11.658333333333331,140,0.9785991636212308
C2_distance_stratified_random_9176,probability_sample,distance_stratified_random,preferred,2,10026,2,9176,94,120,7.729469734041429,45.09267161481361,1400050.0,4994050.0,9_12,D50_75,0.721025641025641,1.0669564660397834,0,1.812052154680076,0.7450956886402924,0.411188875947029,2,False,C2_component_0024,267,0.75,244.0,3.0,0.0122950819672131,0.0834188034188034,0.0076831034699918,0.029797217150908,5.307089968799874,0.0363693000687621,0.0899513381125743,0.1898164021944711,500,0.1234833146149997,27.97677403070455,8.995133811257435,1673,66.92,11.333333333333334,45,0.9821840984912265
C2_distance_stratified_random_3659,probability_sample,distance_stratified_random,preferred,2,10026,2,3659,46,84,7.684723798294654,45.048956936987416,1396450.0,4989250.0,4_8,D75_95,0.9056410256410256,1.5966345340380057,4,1.9499290641187508,0.3532945300807426,0.1811832730645564,2,False,C2_component_0017,70,1.0,195.0,3.0,0.0153846153846153,0.0666666666666666,0.0061401851501983,0.1256747932805639,12.25547274674728,0.1602165751666589,0.1505043700908961,0.1315035019816978,500,0.2581573711655877,28.200787207259403,15.050437009089618,1070,42.8,15.409413369713509,153,0.9749753276643972
C2_distance_stratified_random_7382,probability_sample,distance_stratified_random,preferred,2,10026,2,7382,78,105,7.71073636653574,45.078058984268225,1398550.0,4992450.0,7_10,D75_95,0.7897435897435897,1.2145085662166577,4,1.8829290155670595,0.6684204493504011,0.3549897228330196,2,False,C2_component_0024,267,1.0,195.0,3.0,0.0153846153846153,0.0666666666666666,0.0061401851501983,0.1016233093755921,7.475341501170576,0.1318143078761899,0.1113917487494678,0.0817127486773724,500,0.2650756238383524,19.31044974268403,11.139174874946784,497,19.88,16.807773109243698,111,0.9799639608023424
C2_distance_stratified_random_8703,probability_sample,distance_stratified_random,preferred,2,10026,2,8703,90,49,7.639351991263978,45.08803243105216,1392950.0,4993650.0,9_4,D75_95,0.9466666666666668,1.8836960471565949,1,2.374966011306677,0.491269964150081,0.2068534715070681,2,False,C2_component_0029,160,1.0,195.0,3.0,0.0153846153846153,0.0666666666666666,0.0061401851501983,0.0143809199653177,5.590599550740151,0.0303604603743026,0.1164270312180991,0.5239035219384948,500,0.0826763349296781,64.0330553156594,11.642703121809914,1296,51.84,11.704819277108436,48,0.9149623620546994
C2_distance_stratified_random_4735,probability_sample,distance_stratified_random,preferred,2,10026,2,4735,57,42,7.631168944132258,45.05822917841101,1392250.0,4990350.0,5_4,D95_100,0.962051282051282,1.9786981642911592,4,2.5397592582727286,0.5610610939815663,0.2209111324839267,2,False,C2_component_0020,36,1.0,49.0,3.0,0.0612244897959183,0.0167521367521367,0.0015429183197934,0.0473556031603189,9.035470018658977,0.0928926417155714,0.1683951271439976,0.1514112807750431,500,0.323733911381206,31.980640791904076,16.839512714399767,1255,50.2,14.954986760812004,69,0.8453993691637324
C2_distance_stratified_random_7392,probability_sample,distance_stratified_random,block_only,2,10026,2,7392,78,115,7.72343810656734,45.0782017262489,1399550.0,4992450.0,7_11,D95_100,0.9548717948717949,1.9381372630822575,4,1.998251751377471,0.0601144882952129,0.0300835409020778,2,False,C2_component_0024,267,0.75,49.0,3.0,0.0612244897959183,0.0167521367521367,0.0015429183197934,0.04195717239364,24.88794914670891,0.2473397474179455,0.0802789792638529,0.3678357354438936,500,0.1343527269349796,44.81147147077465,8.027897926385291,640,25.6,14.06907894736842,42,0.9756084895096429
C2_distance_stratified_random_8599,probability_sample,distance_stratified_random,block_only,2,10026,2,8599,89,50,7.640643699143573,45.087147657327286,1393050.0,4993550.0,8_5,D95_100,0.964102564102564,1.99738761643023,1,2.681947236599751,0.6845596201695201,0.2552472363466121,2,False,C2_component_0029,160,1.0,49.0,3.0,0.0612244897959183,0.0167521367521367,0.0015429183197934,0.0137998513660354,4.868715787944612,0.0292335420493622,0.132939284151131,0.494882834634459,500,0.0882813249476751,62.782211878559,13.293928415113104,1364,54.56,15.659619450317123,49,0.9141175626843256
C2_risk_boundary_3538,purposive_stress,risk_boundary,not_applicable,2,10026,2,3538,45,63,7.658085315435572,45.04774674328853,1394350.0,4989150.0,4_6,D50_75,0.597948717948718,0.9210328157311874,4,0.9213707581849532,0.0003379424537653,0.0003667822651883,2,False,C2_component_0016,46,0.5,,,,0.0,0.0,0.1335818128592212,15.332529849977954,0.3779668433755748,0.1019535640766079,0.1407846621754709,500,0.2707442197256675,24.27382262520788,10.195356407660787,603,24.12,14.613675213675211,95,0.8981247559255189
C2_risk_cleanup_8230,purposive_stress,risk_cleanup,not_applicable,2,10026,2,8230,85,111,7.718216488958098,45.084444358871465,1399150.0,4993150.0,8_11,D75_95,0.9415384615384615,1.8564876333776736,1,1.9813780465310096,0.124890413153335,0.0630320969650354,1,True,C2_component_0028,1,0.0,,,,0.0,0.0,0.0027301777629731,7.710189051145982,0.0113281968367962,0.0917617227089575,0.574945997307917,500,0.046968173424411,66.67077200168745,9.176172270895751,1055,42.2,11.940092165898616,5,0.993373251232866
C2_risk_morphology_extreme_4840,purposive_stress,risk_morphology_extreme,not_applicable,2,10026,2,4840,58,43,7.632417172824984,45.0591443053344,1392350.0,4990450.0,5_4,D95_100,1.0,3.2671801998390673,4,3.522709794911519,0.2555295950724452,0.0725377933321536,2,False,C2_component_0020,36,0.75,,,,0.0,0.0,0.0540198735042713,9.70410080595074,0.1130332791792064,0.2311076811590006,0.0634011147552222,500,0.3580720220011333,29.45087959142229,23.11076811590007,1679,67.16,15.521794871794873,91,0.950199455984348
C3_distance_stratified_random_954,probability_sample,distance_stratified_random,preferred,3,10925,4,954,19,61,7.656094386870521,45.024318903972386,1394150.0,4986550.0,1_6,D00_25,0.0448750637429882,0.3461261233747018,5,1.1664010337023558,0.8202749103276539,0.7032529006974225,3,False,C3_component_0004,174,1.0,490.0,3.0,0.0061224489795918,0.0832908380078191,0.0154291831979343,0.1574571638040007,12.36843133855606,0.4048360904579361,0.0255229482738728,0.0968562491582096,500,0.2932719924961447,12.23791974320825,2.552294827387287,171,6.84,11.53048780487805,238,0.9383196573419068
C3_distance_stratified_random_10466,probability_sample,distance_stratified_random,preferred,3,10925,4,10466,107,53,7.644071262814499,45.103391319813866,1393350.0,4995350.0,10_5,D00_25,0.2493625701172871,0.565959510695763,2,0.9860734762633842,0.4201139655676205,0.4260473237345311,3,False,C3_component_0045,180,0.75,490.0,3.0,0.0061224489795918,0.0832908380078191,0.0154291831979343,0.1916225755285484,10.51361091877159,0.3912472496807201,0.0320245134010453,0.2358163419587765,500,0.3028920109095817,26.78408553598218,3.20245134010453,172,6.88,15.118012422360248,177,0.9772432727498784
C3_distance_stratified_random_10804,probability_sample,distance_stratified_random,preferred,3,10925,4,10804,110,76,7.673234987248974,45.1064344675592,1395650.0,4995650.0,11_7,D00_25,0.0168281489036206,0.2634172958343965,5,1.1588939717462612,0.8954766759118646,0.7726993993786417,3,False,C3_component_0036,430,1.0,490.0,3.0,0.0061224489795918,0.0832908380078191,0.0154291831979343,0.255529752471564,11.162503073842188,0.3920299134348798,0.0150013027162528,0.1210743797961452,500,0.2878111549132616,13.607568251239806,1.5001302716252871,85,3.4,14.451219512195122,192,0.9423476767133416
C3_distance_stratified_random_10740,probability_sample,distance_stratified_random,preferred,3,10925,4,10740,109,116,7.724086993343994,45.10611398716558,1399650.0,4995550.0,10_11,D25_50,0.279449260581336,0.5838462743542491,0,1.1600070402920504,0.5761607659378009,0.4966873009604693,3,False,C3_component_0044,318,0.75,490.0,3.0,0.0061224489795918,0.0832908380078191,0.0154291831979343,0.2758197105810806,9.734118312551464,0.3124475080960535,0.0,0.169415666713305,500,0.1969963492132438,16.941566671330506,0.0,0,0.0,,281,0.9702317764648034
C3_distance_stratified_random_11282,probability_sample,distance_stratified_random,preferred,3,10925,4,11282,115,69,7.664234567343398,45.110830304580006,1394950.0,4996150.0,11_6,D25_50,0.3278939316675165,0.6141180311103154,2,1.122959835514493,0.508841804404177,0.4531255600704963,3,False,C3_component_0036,430,1.0,490.0,3.0,0.0061224489795918,0.0832908380078191,0.0154291831979343,0.2223935638591724,8.746975781095049,0.3775562785216366,0.0394469950005545,0.1251579245517607,500,0.2586085513203843,16.46049195523153,3.944699500055453,253,10.12,11.646825396825395,355,0.9475578935127004
C3_distance_stratified_random_11492,probability_sample,distance_stratified_random,preferred,3,10925,4,11492,117,103,7.707404144004054,45.1131275819414,1398350.0,4996350.0,11_10,D25_50,0.3064762876083631,0.6013737894122669,2,0.8683135467889229,0.2669397573766553,0.3074232324991531,3,False,C3_component_0044,318,0.75,490.0,3.0,0.0061224489795918,0.0832908380078191,0.0154291831979343,0.2059092078350818,12.072589967820203,0.1883870193454635,0.0391610008564085,0.1881521655512215,500,0.2488420277370625,22.731316640763012,3.9161000856408585,182,7.28,15.770833333333334,68,0.9817101805041032
C3_distance_stratified_random_9978,probability_sample,distance_stratified_random,preferred,3,10925,4,9978,102,106,7.711520829482296,45.09967172921649,1398650.0,4994850.0,10_10,D50_75,0.7251402345741969,0.8089844794340366,1,0.9720230781498383,0.1630385987158013,0.1677312014300433,3,False,C3_component_0036,430,0.5,490.0,3.0,0.0061224489795918,0.0832908380078191,0.0154291831979343,0.1377828700274976,11.099381225610426,0.24915539828223,0.0018167220464347,0.2704798445866843,500,0.1044685422075048,27.229656663311907,0.1816722046434763,22,0.88,11.0,188,0.9942587260401002
C3_distance_stratified_random_11018,probability_sample,distance_stratified_random,preferred,3,10925,4,11018,112,83,7.682089033034649,45.10833734507284,1396350.0,4995850.0,11_8,D50_75,0.706272310045895,0.7980868009192229,5,1.3586783761244363,0.5605915752052135,0.4126006456393848,3,False,C3_component_0036,430,1.0,490.0,3.0,0.0061224489795918,0.0832908380078191,0.0154291831979343,0.3211789866472918,7.880972533928824,0.403179982310748,0.0179818764259659,0.0753110162318257,500,0.2969151447917313,9.329289265779176,1.7981876425965997,142,5.68,12.8,480,0.8755823764968902
C3_distance_stratified_random_12177,probability_sample,distance_stratified_random,preferred,3,10925,4,12177,127,105,7.709743153840266,45.12215561878387,1398550.0,4997350.0,12_10,D50_75,0.6287608363080062,0.7589197842938932,0,0.7649090721339052,0.0059892878400118,0.0078300651125802,3,False,C3_component_0053,2,0.25,490.0,3.0,0.0061224489795918,0.0832908380078191,0.0154291831979343,0.1080974464428791,8.163564081707985,0.2409421511957399,0.0311926095067831,0.1702464606013707,500,0.2127783665628467,20.14390701081538,3.1192609506783104,231,9.24,15.059360730593609,282,0.9659828864473596
C3_distance_stratified_random_2189,probability_sample,distance_stratified_random,preferred,3,10925,4,2189,32,69,7.665974183025491,45.03613700617376,1394950.0,4987850.0,3_6,D75_95,0.7842937276899541,0.8504359247055576,5,0.9413157051101548,0.0908797804045971,0.0965454840615478,3,False,C3_component_0004,174,0.5,392.0,3.0,0.0076530612244897,0.0666326704062553,0.0123433465583475,0.2381414946809341,16.000323662639722,0.4167073694829841,0.0134732952604101,0.0180670569455519,500,0.3381578176855969,3.1540352205962083,1.3473295260410163,70,2.8,10.27536231884058,222,0.8941557705230588
C3_distance_stratified_random_5499,probability_sample,distance_stratified_random,preferred,3,10925,4,5499,63,109,7.716119443039516,45.06461718222125,1398950.0,4990950.0,6_10,D75_95,0.8577256501784803,0.9132951743834214,1,1.1459654809247573,0.2326703065413352,0.2030343063680921,3,False,C3_component_0022,80,0.75,392.0,3.0,0.0076530612244897,0.0666326704062553,0.0123433465583475,0.1614042513256298,11.316315550840114,0.5312478913547174,0.0053653698784111,0.3104206299376459,500,0.1930996576001774,31.578599981605706,0.5365369878411116,46,1.84,12.0,522,0.9709812101115104
C3_distance_stratified_random_11643,probability_sample,distance_stratified_random,preferred,3,10925,4,11643,119,117,7.725157380979479,45.115127532707255,1399750.0,4996550.0,11_11,D75_95,0.7562468128505865,0.8298257571537605,0,0.9705681232358836,0.1407423660821226,0.1450102910992854,3,False,C3_component_0044,318,0.75,392.0,3.0,0.0076530612244897,0.0666326704062553,0.0123433465583475,0.2409322983648292,9.698534981765302,0.0599455144623435,0.0,0.0811867969851183,500,0.0920009049046298,8.118679698511832,0.0,0,0.0,,28,0.9661294500324794
C3_distance_stratified_random_672,probability_sample,distance_stratified_random,preferred,3,10925,4,672,15,39,7.6282636724071,45.02038718770009,1391950.0,4986150.0,1_3,D95_100,0.971443141254462,1.1363450035288434,5,1.2378175741054762,0.1014725705766328,0.0819769994378721,3,False,C3_component_0002,144,0.5,99.0,3.0,0.0303030303030303,0.0168281489036206,0.0031173247685622,0.2378209809913021,19.031945999913543,0.2402314283563695,0.0239430866688613,0.0427353159708168,500,0.0864904497148924,6.667840263967816,2.394308666886136,128,5.12,15.0390625,44,0.9996044120935136
C3_distance_stratified_random_10776,probability_sample,distance_stratified_random,preferred,3,10925,4,10776,110,48,7.637653553693367,45.10601539161907,1392850.0,4995650.0,11_4,D95_100,0.9648138704742478,1.105031656145676,1,1.3067535842782074,0.2017219281325311,0.1543687582414042,3,False,C3_component_0045,180,1.0,99.0,3.0,0.0303030303030303,0.0168281489036206,0.0031173247685622,0.0898207509603213,15.448825218926345,0.3198808803950236,0.0205019600424881,0.3181638317655594,500,0.3976477011079934,33.86657918080476,2.0501960042488165,153,6.12,9.605263157894736,116,0.9864099192351676
C3_distance_stratified_random_12052,probability_sample,distance_stratified_random,preferred,3,10925,4,12052,125,120,7.728850448356759,45.12056965995841,1400050.0,4997150.0,12_12,D95_100,0.9612442631310556,1.0870862796118788,1,1.575299006008667,0.4882127263967877,0.3099174979064906,3,False,C3_component_0044,318,1.0,99.0,3.0,0.0303030303030303,0.0168281489036206,0.0031173247685622,0.3550267966947054,12.128046057381871,0.1369556295460754,0.0,0.280305930218506,500,0.0669207789859124,28.030593021850603,0.0,0,0.0,,21,0.92163179370334
C3_risk_boundary_9673,purposive_stress,risk_boundary,not_applicable,3,10925,4,9673,99,119,7.728099308685618,45.097157159923306,1399950.0,4994550.0,9_11,D75_95,0.9224885262621112,0.9910338554773912,1,0.9914377728090312,0.0004039173316396,0.000407405631213,3,False,C3_component_0044,318,0.75,,,,0.0,0.0,0.1629499942162259,6.814983857727562,0.3399054801319531,0.0233352730726691,0.2819140024487414,500,0.1715819493054864,30.524927552141055,2.3335273072669116,206,8.24,15.216666666666669,488,0.9451548938415144
C3_risk_cleanup_8864,purposive_stress,risk_cleanup,not_applicable,3,10925,4,8864,91,107,7.713013943013888,45.08978679937965,1398750.0,4993750.0,9_10,D75_95,0.9235084140744518,0.992290124746512,4,1.064261540009546,0.0719714152630323,0.0676256846248402,4,True,C3_component_0041,1,0.0,,,,0.0,0.0,0.3123886666850785,10.860575556059452,0.468706248898896,0.0607291351395309,0.1166344583328394,500,0.2711589895232866,17.73635934723704,6.072913513953098,393,15.72,14.854972375690608,317,0.8199618809790432
C3_risk_morphology_extreme_11039,purposive_stress,risk_morphology_extreme,not_applicable,3,10925,4,11039,112,104,7.708776594998907,45.10864232005814,1398450.0,4995850.0,11_10,D95_100,1.0,2.632436836512123,1,2.706843929647624,0.0744070931355005,0.0274885050890934,1,True,C3_component_0049,1,0.0,,,,0.0,0.0,0.0107955160968782,27.335584401226782,0.0976257846738172,0.0031734479306499,0.3960388766724902,500,0.1086996246508186,39.92123246031402,0.3173447930649971,16,0.64,16.8,37,0.8333244431143604
C4_distance_stratified_random_1957,probability_sample,distance_stratified_random,preferred,4,5210,4,1957,30,54,7.646978443988107,45.034113103816914,1393450.0,4987650.0,3_5,D00_25,0.1376085504342017,0.399923897496971,5,0.8567626600513011,0.4568387625543299,0.5332150709357192,4,False,C4_component_0002,491,1.0,374.0,3.0,0.0080213903743315,0.0832776664439991,0.0117765602367907,0.2735651700601651,15.29464840166266,0.7479401650061529,0.0713991833123393,0.0640748819280296,500,0.3169447825049619,13.547406524036898,7.139918331233937,328,13.12,13.116923076923078,314,0.8613829410369319
C4_distance_stratified_random_3945,probability_sample,distance_stratified_random,preferred,4,5210,4,3945,49,67,7.663079317344611,45.05140600994246,1394750.0,4989550.0,4_6,D00_25,0.2177688710754843,0.47527670210271,5,1.194872423977528,0.7195957218748179,0.6022364458620657,4,False,C4_component_0002,491,1.0,374.0,3.0,0.0080213903743315,0.0832776664439991,0.0117765602367907,0.2870176625362736,18.3924225703856,0.6231522320861709,0.083321472547178,0.0375403875724444,500,0.3645177147058126,12.08618601196225,8.332147254717809,497,19.88,14.20123203285421,379,0.9585107758033778
C4_distance_stratified_random_5551,probability_sample,distance_stratified_random,preferred,4,5210,4,5551,64,40,7.628478901617562,45.06449805431045,1392050.0,4991050.0,6_4,D00_25,0.0948563794255177,0.3580242270943107,5,0.790654434166371,0.43263020707206,0.5471798909572992,4,False,C4_component_0015,139,0.75,374.0,3.0,0.0080213903743315,0.0832776664439991,0.0117765602367907,0.2514869126962148,17.926027044691246,0.7746620238798018,0.0637089040910792,0.0679207947614494,500,0.3213785130359237,13.16296988525287,6.3708904091079255,380,15.2,17.11436170212766,245,0.9856886100451204
C4_distance_stratified_random_612,probability_sample,distance_stratified_random,preferred,4,5210,4,612,14,42,7.632091667393316,45.01953294938055,1392250.0,4986050.0,1_4,D25_50,0.2818971275885104,0.5250545343315505,5,0.6703568195045627,0.1453022851730114,0.2167536466331457,4,False,C4_component_0001,47,0.5,374.0,3.0,0.0080213903743315,0.0832776664439991,0.0117765602367907,0.2505332458523468,16.686862472712214,0.6499096792205816,0.0541117966148783,0.0552245763928591,500,0.2734284202592708,10.933637300773755,5.411179661487839,309,12.36,14.6523178807947,218,0.9409326206272184
C4_distance_stratified_random_4373,probability_sample,distance_stratified_random,preferred,4,5210,4,4373,53,91,7.6934669207674125,45.05535850931726,1397150.0,4989950.0,5_9,D25_50,0.4816299265197061,0.6544479782948782,5,0.846013410776,0.1915654324811213,0.2264330920066731,4,False,C4_component_0010,161,0.5,374.0,3.0,0.0080213903743315,0.0832776664439991,0.0117765602367907,0.2085951058278036,13.720472765109372,0.64163854489522,0.0550616967462917,0.1000879792574886,500,0.317726520213249,15.514967600378036,5.506169674629173,289,11.56,15.328125,435,0.9642391959845796
C4_distance_stratified_random_5216,probability_sample,distance_stratified_random,preferred,4,5210,4,5216,61,66,7.661557754662083,45.06219018259696,1394650.0,4990750.0,6_6,D25_50,0.4308617234468938,0.6258149744524961,5,1.0623565880924537,0.4365416136399572,0.410918159244254,4,False,C4_component_0017,161,1.0,374.0,3.0,0.0080213903743315,0.0832776664439991,0.0117765602367907,0.3175775895412994,18.463889380145243,0.7121490271425728,0.0775601041189069,0.0065333574471155,500,0.319993101533791,8.409346156602249,7.756010411890692,624,24.96,12.35892857142857,275,0.9394015739737912
C4_distance_stratified_random_964,probability_sample,distance_stratified_random,preferred,4,5210,4,964,19,71,7.668783960922364,45.02446758581261,1395150.0,4986550.0,1_7,D50_75,0.7120908483633934,0.7825937551024267,2,1.1073407841595384,0.3247470290571114,0.2932674689694478,4,False,C4_component_0005,17,0.6666666666666666,374.0,3.0,0.0080213903743315,0.0832776664439991,0.0117765602367907,0.1636199626644484,18.51537828848239,0.4758469481855444,0.0607424157613021,0.2073932873385862,500,0.3547331352727538,26.813570309988837,6.074241576130216,396,15.84,13.027855153203342,135,0.8758036118842368
C4_distance_stratified_random_5125,probability_sample,distance_stratified_random,preferred,4,5210,4,5125,60,95,7.698402586035936,45.06171605708436,1397550.0,4990650.0,6_9,D50_75,0.6479625918503674,0.7392812785691183,2,0.8393474496127774,0.100066171043659,0.1192190088738856,4,False,C4_component_0010,161,0.5,374.0,3.0,0.0080213903743315,0.0832776664439991,0.0117765602367907,0.1932549900326464,13.220002251442208,0.4603363717354928,0.086394781881316,0.1190479989632083,500,0.2599367048150024,20.54427808445244,8.639478188131603,583,23.32,16.79137323943662,373,0.9733952513916476
C4_distance_stratified_random_5733,probability_sample,distance_stratified_random,preferred,4,5210,4,5733,65,102,7.707189761217508,45.06631673638208,1398250.0,4991150.0,6_10,D50_75,0.554442217768871,0.6914418085684206,2,1.0072756670255276,0.3158338584571066,0.3135525544757376,4,False,C4_component_0010,161,1.0,374.0,3.0,0.0080213903743315,0.0832776664439991,0.0117765602367907,0.2144231656445519,13.35958386984189,0.5426843066975008,0.0931458938232568,0.1134293692232647,500,0.2530949486221049,20.65752630465216,9.314589382325684,537,21.48,16.317120622568094,442,0.9429745195218444
C4_distance_stratified_random_4239,probability_sample,distance_stratified_random,preferred,4,5210,4,4239,52,58,7.651589896749479,45.05397137932152,1393850.0,4989850.0,5_5,D75_95,0.9091516366065464,0.9990204031518022,5,1.1368012731741064,0.1377808700223037,0.1212004888397076,4,False,C4_component_0014,6,0.5,300.0,3.0,0.01,0.0668002672010688,0.0094464386926128,0.2337737464930544,22.40683739966268,0.9626673792936028,0.0577735378275198,0.0218858563379933,500,0.4453941641987899,7.965939416551324,5.777353782751985,512,20.48,12.753048780487806,356,0.973630445786955
C4_distance_stratified_random_6456,probability_sample,distance_stratified_random,preferred,4,5210,4,6456,71,90,7.691827728085912,45.071542722102734,1397050.0,4991750.0,7_9,D75_95,0.8851035404141616,0.9579032005196692,2,1.6507631893218295,0.6928599888021586,0.4197210074007048,4,False,C4_component_0019,71,1.0,300.0,3.0,0.01,0.0668002672010688,0.0094464386926128,0.282641952776075,17.74476833725506,0.5297516594111149,0.1197738545736455,0.0897078512114287,500,0.3226867645703934,20.948170578507433,11.977385457364557,765,30.6,15.254335260115608,272,0.9913036443103816
C4_distance_stratified_random_7004,probability_sample,distance_stratified_random,preferred,4,5210,4,7004,75,118,7.727308604439331,45.07554445049082,1399850.0,4992150.0,7_11,D75_95,0.8690714762859052,0.9290546301248058,2,1.354181577677335,0.4251269475525286,0.3139364429116646,4,False,C4_component_0018,98,0.75,300.0,3.0,0.01,0.0668002672010688,0.0094464386926128,0.1180266413289187,19.262716136993873,0.41015415431151,0.1037166044845433,0.1241935913938737,500,0.2382349579391058,22.79101958784171,10.371660448454332,648,25.92,18.3786078098472,127,0.962360409296673
C4_distance_stratified_random_247,probability_sample,distance_stratified_random,preferred,4,5210,4,247,8,44,7.634757703163352,45.01416382778165,1392450.0,4985450.0,0_4,D95_100,0.9625918503674016,1.1752608697265232,2,1.4721403127330983,0.2968794430065735,0.2016651812593887,4,False,C4_component_0001,47,0.75,75.0,3.0,0.04,0.0167000668002672,0.0023616096731532,0.1378170526316751,16.7371028494306,0.5290660186573313,0.1287186435047916,0.1337967130973288,500,0.3584280182964561,26.25153566021205,12.871864350479164,742,29.68,12.835755813953488,161,0.9975919624921188
C4_distance_stratified_random_1734,probability_sample,distance_stratified_random,preferred,4,5210,4,1734,28,44,7.634329677405086,45.03216214544076,1392450.0,4987450.0,2_4,D95_100,0.9565798263193052,1.1570383983837629,3,1.212233859930573,0.0551954615468099,0.0455320242828154,4,False,C4_component_0008,1,0.0,75.0,3.0,0.04,0.0167000668002672,0.0023616096731532,0.3320171930005548,12.807446663218352,0.2500520284990684,0.063596902731995,0.0376568187113741,500,0.2697702871516133,10.125372144336929,6.359690273199507,450,18.0,13.039877300613496,52,0.9948400672487304
C4_distance_stratified_random_9106,probability_sample,distance_stratified_random,preferred,4,5210,4,9106,94,50,7.640536920204033,45.09164719567556,1393050.0,4994050.0,9_5,D95_100,0.9792919171676688,1.324527252189922,3,1.3644696713016164,0.0399424191116941,0.0292732187103812,4,False,C4_component_0035,1,0.0,75.0,3.0,0.04,0.0167000668002672,0.0023616096731532,0.4248650275497455,16.10895935395009,0.177338025384832,0.0551118376715231,0.1500533552577333,500,0.1725021444562449,20.51651929292565,5.511183767152318,466,18.64,8.5962441314554,29,0.9977257691363036
C4_risk_boundary_5707,purposive_stress,risk_boundary,not_applicable,4,5210,4,5707,65,76,7.674172493913885,45.065938049938424,1395650.0,4991150.0,6_7,D75_95,0.7875751503006012,0.840867434258263,5,0.8410031909773942,0.0001357567191306,0.0001614223591386,4,False,C4_component_0017,161,0.5,,,,0.0,0.0,0.3685284941496221,18.522727501230563,0.7057323367936831,0.0618584009300769,0.0,500,0.4008597164119123,4.062956223578464,6.185840093007692,479,19.16,14.162004662004662,423,0.9930459650837462
C4_risk_cleanup_9490,purposive_stress,risk_cleanup,not_applicable,4,5210,4,9490,98,38,7.625205382160339,45.09506423480099,1391850.0,4994450.0,9_3,D95_100,0.9993319973279892,2.1822683418650093,3,2.202063599110166,0.0197952572451547,0.0089894121373941,3,True,C4_component_0037,1,0.0,,,,0.0,0.0,0.0130816380199545,26.160935188908013,0.0798224916071248,0.0200093546200329,0.0598643192680358,500,0.0932537996906282,7.987367388806878,2.0009354620032975,94,3.76,13.825,19,0.9324949303660012
C4_risk_morphology_extreme_4954,purposive_stress,risk_morphology_extreme,not_applicable,4,5210,4,4954,59,43,7.632395710827075,45.06004421465288,1392350.0,4990550.0,5_4,D95_100,1.0,2.6284061044170444,2,2.6972806567517345,0.0688745523346852,0.0255348112041218,4,False,C4_component_0015,139,0.75,,,,0.0,0.0,0.0891104752921463,15.930555236712804,0.3376172232268214,0.1986992921640858,0.0607197854560967,500,0.3559790900830397,25.941907762018264,19.869929216408583,1483,59.32,15.602601156069364,137,0.939345084309447
C5_distance_stratified_random_1962,probability_sample,distance_stratified_random,preferred,5,4849,4,1962,30,59,7.653324277112491,45.03418814002211,1393950.0,4987650.0,3_5,D00_25,0.0292854353768059,0.293082760867296,4,0.8055052613274455,0.512422500460149,0.6361504077772181,5,False,C5_component_0010,59,1.0,640.0,3.0,0.0046875,0.0833007939606924,0.0201524025442408,0.3180540302492418,16.365744622201735,0.836216052326078,0.0438572376707761,0.0765512712179707,500,0.3816043559843194,12.04085088887469,4.385723767077619,265,10.6,12.704545454545457,440,0.8613086334459374
C5_distance_stratified_random_4658,probability_sample,distance_stratified_random,preferred,5,4849,4,4658,56,68,7.664202163867622,45.0577203245024,1394850.0,4990250.0,5_6,D00_25,0.2124170245997657,0.481668643271082,4,1.070137923745315,0.5884692804742327,0.549900407617256,5,False,C5_component_0008,1904,1.0,640.0,3.0,0.0046875,0.0833007939606924,0.0201524025442408,0.3564637927475341,17.628129509396793,1.007979394027073,0.0434031275542281,0.0293176864636834,500,0.3529935115285177,7.272081401791157,4.340312755422817,282,11.28,13.596958174904945,509,0.9752948574807642
C5_distance_stratified_random_8069,probability_sample,distance_stratified_random,preferred,5,4849,4,8069,84,60,7.653452853090854,45.082798652534194,1394050.0,4993050.0,8_6,D00_25,0.2128074970714564,0.4819761929565742,4,1.021543377522398,0.5395671845658234,0.5281882262057863,5,False,C5_component_0008,1904,1.0,640.0,3.0,0.0046875,0.0833007939606924,0.0201524025442408,0.3410273837014481,14.230635743676247,0.9251861188968544,0.0491118388936557,0.0118450579878699,500,0.3566575597985819,6.095689688152569,4.9111838893655735,298,11.92,14.516891891891891,686,0.9557077916341618
C5_distance_stratified_random_3623,probability_sample,distance_stratified_random,preferred,5,4849,4,3623,46,48,7.639022007119798,45.048421231343376,1392850.0,4989250.0,4_4,D25_50,0.4662241311987505,0.6165560576380382,4,1.3201006684705858,0.7035446108325475,0.5329476968204594,5,False,C5_component_0012,139,1.0,640.0,3.0,0.0046875,0.0833007939606924,0.0201524025442408,0.3714497190881337,16.944042213362156,1.1473033338853602,0.0380338456872447,0.0171217663483804,500,0.3378056632264388,5.515561203562519,3.8033845687244745,195,7.8,11.678756476683938,431,0.8696079966442263
C5_distance_stratified_random_10265,probability_sample,distance_stratified_random,preferred,5,4849,4,10265,105,69,7.6644445197581055,45.10183116676189,1394950.0,4995150.0,10_6,D25_50,0.3139398672393596,0.5452145601044173,3,0.9745870797292232,0.4293725196248058,0.4405686557471105,5,False,C5_component_0025,308,1.0,640.0,3.0,0.0046875,0.0833007939606924,0.0201524025442408,0.3097206577151376,11.835286809180005,0.7811709622250597,0.0308739920710846,0.0444447709559625,500,0.3485881515747356,7.53187630270472,3.087399207108467,355,14.2,7.006291390728477,564,0.968167876826871
C5_distance_stratified_random_10277,probability_sample,distance_stratified_random,preferred,5,4849,4,10277,105,81,7.679692662880105,45.102008537890015,1396150.0,4995150.0,10_8,D25_50,0.3412729402577118,0.5594309227608576,4,1.4845311354178778,0.92510021265702,0.6231598587500258,5,False,C5_component_0025,308,1.0,640.0,3.0,0.0046875,0.0833007939606924,0.0201524025442408,0.3627860167024227,15.401484566267772,1.144703610060608,0.0228340417679889,0.0511137437633716,500,0.289506129199475,7.3947785531360655,2.2834041767988986,226,9.04,10.547887323943662,576,0.9515100317006556
C5_distance_stratified_random_5565,probability_sample,distance_stratified_random,preferred,5,4849,4,5565,64,54,7.646256571536472,45.06471025596721,1393450.0,4991050.0,6_5,D50_75,0.697383834439672,0.7212265215785842,4,1.554261941787405,0.8330354202088207,0.5359684862712574,5,False,C5_component_0008,1904,1.0,640.0,3.0,0.0046875,0.0833007939606924,0.0201524025442408,0.3968018766901957,13.834214636820326,1.163026721298296,0.0320150462356909,0.0,500,0.3368515534570124,2.6353919772348675,3.2015046235690945,193,7.72,11.82967032967033,859,0.9681253815264598
C5_distance_stratified_random_6067,probability_sample,distance_stratified_random,preferred,5,4849,4,6067,68,76,7.674110055210797,45.06863782055862,1395650.0,4991450.0,6_7,D50_75,0.6657555642327216,0.7044204568418008,4,0.9813022759745762,0.2768818191327749,0.282157522622467,5,False,C5_component_0008,1904,1.0,640.0,3.0,0.0046875,0.0833007939606924,0.0201524025442408,0.3588052297744656,19.142839328713283,0.895618642195585,0.052389922868115,0.0,500,0.374554067320277,4.456051262634659,5.238992286811504,472,18.88,12.883219954648526,334,0.9887690265423126
C5_distance_stratified_random_6798,probability_sample,distance_stratified_random,preferred,5,4849,4,6798,74,42,7.630803631472412,45.07352761085452,1392250.0,4992050.0,7_4,D50_75,0.6337368215540804,0.6897395199146411,4,0.6914253428288768,0.0016858229142343,0.0024381850213025,5,False,C5_component_0008,1904,0.5,640.0,3.0,0.0046875,0.0833007939606924,0.0201524025442408,0.3259826793261817,16.553815532264643,0.92446281741165,0.0644383173462023,0.0412771789761072,500,0.3313531725724327,10.571549632230964,6.443831734620235,410,16.4,12.789333333333332,464,0.9782601315373052
C5_distance_stratified_random_4354,probability_sample,distance_stratified_random,preferred,5,4849,4,4354,53,72,7.669343594965428,45.0550798696523,1395250.0,4989950.0,5_7,D75_95,0.8164779383053494,0.7970459736818912,4,1.273755203857699,0.4767092301758073,0.3742549814375983,5,False,C5_component_0008,1904,1.0,512.0,3.0,0.005859375,0.0666406351685539,0.0161219220353926,0.395172687330352,18.991715180078018,1.0956337999590526,0.0469222751913943,0.0,500,0.3300335678560111,3.5253321875771815,4.692227519139433,249,9.96,12.9125,576,0.9717695911065868
C5_distance_stratified_random_4997,probability_sample,distance_stratified_random,preferred,5,4849,4,4997,59,86,7.686995021732193,45.06068525513208,1396650.0,4990550.0,5_8,D75_95,0.8719250292854354,0.8452600450722753,4,1.2231743659792609,0.377914320906985,0.3089619365955489,5,False,C5_component_0008,1904,1.0,512.0,3.0,0.005859375,0.0666406351685539,0.0161219220353926,0.4596712708380641,15.962500792502194,0.5971174055085346,0.0485603537720211,0.0106407707977264,500,0.2857104640770662,5.920112456974758,4.856035377202117,350,14.0,14.532608695652174,653,0.9846426476301068
C5_distance_stratified_random_8949,probability_sample,distance_stratified_random,preferred,5,4849,4,8949,92,91,7.692666642335065,45.09045575960492,1397150.0,4993850.0,9_9,D75_95,0.9449433814916048,0.9559152870108408,6,1.1965468476250007,0.2406315606141593,0.2011050057018524,5,False,C5_component_0008,1904,1.0,512.0,3.0,0.005859375,0.0666406351685539,0.0161219220353926,0.4546952416291798,12.001990132794688,0.8300055521354628,0.0041747101181891,0.0076490459093884,500,0.3183696312647984,1.182375602757767,0.4174710118189174,35,1.4,11.5,979,0.9595544078969797
C5_distance_stratified_random_1121,probability_sample,distance_stratified_random,preferred,5,4849,4,1121,21,66,7.662397229283551,45.02619327287652,1394650.0,4986750.0,2_6,D95_100,0.9988285825849278,1.7595080926975026,3,1.800806973406081,0.0412988807085779,0.0229335410837866,5,False,C5_component_0004,35,0.75,129.0,3.0,0.0232558139534883,0.016790316282702,0.0040619686378235,0.1854176836702254,24.57553645712348,0.3077722994140355,5.0184775846297614e-05,0.0699835756302723,500,0.2739286461160006,7.00337604061186,0.0050184775846297,1,0.04,,65,0.993820253829664
C5_distance_stratified_random_1760,probability_sample,distance_stratified_random,preferred,5,4849,4,1760,28,70,7.667326988211133,45.0325521260496,1395050.0,4987450.0,2_7,D95_100,0.9535337758688012,0.9845652982799384,4,1.5501369220326369,0.5655716237526981,0.3648526886328758,5,False,C5_component_0008,1904,1.0,129.0,3.0,0.0232558139534883,0.016790316282702,0.0040619686378235,0.3419637600184309,22.156956137228256,0.8460732840406081,0.0117316205559188,0.0976506668504212,500,0.2826350698730721,10.938228740634006,1.1731620555918807,109,4.36,10.085714285714284,319,0.9539498404704564
C5_distance_stratified_random_6199,probability_sample,distance_stratified_random,preferred,5,4849,4,6199,69,84,7.684248967102723,45.0696552937627,1396450.0,4991550.0,6_8,D95_100,0.983209683717298,1.167019489813732,6,1.3903498200906872,0.2233303302769547,0.1606288770277883,5,False,C5_component_0008,1904,1.0,129.0,3.0,0.0232558139534883,0.016790316282702,0.0040619686378235,0.4994720121389539,20.35014976480213,0.7651974481119468,0.0020180424461728,0.0126735062754798,500,0.4212390365039098,1.4691548721652687,0.2018042446172808,16,0.64,11.75,509,0.9849120930548116
C5_risk_boundary_4042,purposive_stress,risk_boundary,not_applicable,5,4849,4,4042,50,63,7.657980050585188,45.052246345152795,1394350.0,4989650.0,5_6,D25_50,0.3912534166341272,0.584882843238147,4,0.5850940579802332,0.0002112147420855,0.0003609927997126,5,False,C5_component_0008,1904,0.5,,,,0.0,0.0,0.2790758553008102,18.061835898987376,0.8379161516430356,0.0534265238284226,0.0754612350400548,500,0.342152209199589,12.88877588684776,5.342652382842269,399,15.96,13.077540106951872,400,0.9642804170749532
C5_risk_cleanup_2713,purposive_stress,risk_cleanup,not_applicable,5,4849,4,2713,37,47,7.637944818833667,45.040306865724766,1392750.0,4988350.0,3_4,D95_100,0.9711050370948848,1.0822226864193296,4,1.0947639812677488,0.0125412948484187,0.0114557064929152,4,True,C5_component_0014,1,0.0,,,,0.0,0.0,0.2793376211141568,21.294825567342937,1.170629911648882,0.0564342381521255,0.0798692797753282,500,0.3565404836671647,13.63035179274538,5.643423815212555,355,14.2,12.883823529411766,263,0.9110531848466884
C5_risk_morphology_extreme_1039,purposive_stress,risk_morphology_extreme,not_applicable,5,4849,4,1039,20,65,7.661149219134452,45.02527847136139,1394550.0,4986650.0,2_6,D95_100,1.0,2.211393595403629,4,2.3002078622974658,0.0888142668938365,0.0386114091467925,5,False,C5_component_0004,35,0.75,,,,0.0,0.0,0.1208232695304244,28.82838489826333,0.4009796534973421,0.0,0.0733973917495491,500,0.2757120172540743,7.339739174954913,0.0,0,0.0,,105,0.9788949839812696
C6_distance_stratified_random_1169,probability_sample,distance_stratified_random,preferred,6,1524,6,1169,22,33,7.620499242348872,45.02659482690923,1391350.0,4986850.0,2_3,D00_25,0.1336760925449871,0.5120344222652234,3,1.717882762615987,1.2058483403507634,0.7019386692689674,6,False,C6_component_0001,198,1.0,97.0,3.0,0.0309278350515463,0.0831191088260497,0.0030543485106114,0.5674738826493435,9.901197767948752,0.1375401949971707,0.0120658942134178,0.0162039442538098,500,0.0584022802783885,2.826983846722763,1.206589421341782,52,2.08,16.98076923076923,31,0.9999999999999998
C6_distance_stratified_random_9303,probability_sample,distance_stratified_random,preferred,6,1524,6,9303,96,52,7.6430351520748365,45.09347724173274,1393250.0,4994250.0,9_5,D00_25,0.0771208226221079,0.4661151019970799,5,1.5722785664797998,1.1061634644827198,0.7035416548095083,6,False,C6_component_0004,14,1.0,97.0,3.0,0.0309278350515463,0.0831191088260497,0.0030543485106114,0.6004636081740645,15.569162215491197,0.3229026735749386,0.0077020452118204,0.0678384769061163,500,0.1237701893291004,7.554052211793678,0.7702045211820412,97,3.88,17.021052631578947,85,0.998912384082678
C6_distance_stratified_random_10944,probability_sample,distance_stratified_random,preferred,6,1524,6,10944,111,112,7.71896353509272,45.10785692794994,1399250.0,4995750.0,11_11,D00_25,0.0591259640102827,0.4430552014579512,3,1.655799145661489,1.2127439442035377,0.7324221342794863,6,False,C6_component_0006,90,1.0,97.0,3.0,0.0309278350515463,0.0831191088260497,0.0030543485106114,0.5629778434532932,11.014457432632016,0.0963835992502704,0.0052059280439631,0.0588951290778722,500,0.066890527156421,6.410105712183538,0.5205928043963174,30,1.2,15.583333333333334,37,0.9875266097950024
C6_distance_stratified_random_1421,probability_sample,distance_stratified_random,preferred,6,1524,6,1421,25,28,7.614089160831184,45.02921769917354,1390850.0,4987150.0,2_2,D25_50,0.4755784061696658,0.7851599154926924,3,1.3781915949957366,0.5930316795030443,0.4302969787773802,6,False,C6_component_0001,198,0.75,97.0,3.0,0.0309278350515463,0.0831191088260497,0.0030543485106114,0.4735078934799802,8.781100582698077,0.1348119158037738,0.0102716728871352,0.0430169680021325,500,0.1303096261044782,5.328864088926774,1.0271672887135204,43,1.72,16.214285714285715,56,0.9999411206309592
C6_distance_stratified_random_1531,probability_sample,distance_stratified_random,preferred,6,1524,6,1531,26,43,7.633103424001118,45.030347127735475,1392350.0,4987250.0,2_4,D25_50,0.4267352185089974,0.7364280460406833,5,2.2149853884374595,1.4785573423967762,0.6675246482956758,6,False,C6_component_0001,198,1.0,97.0,3.0,0.0309278350515463,0.0831191088260497,0.0030543485106114,0.7405128360486586,14.660270943751405,0.1396366886164015,0.0104515576512219,0.0019924873706141,500,0.1004076799746508,1.244404502183614,1.0451557651221983,80,3.2,15.355555555555556,15,0.9998939513831844
C6_distance_stratified_random_11569,probability_sample,distance_stratified_random,preferred,6,1524,6,11569,118,108,7.713738658074725,45.114099288393255,1398850.0,4996450.0,11_10,D25_50,0.3624678663239074,0.6873279589033666,3,1.462832118551172,0.7755041596478054,0.5301388654330924,6,False,C6_component_0006,90,1.0,97.0,3.0,0.0309278350515463,0.0831191088260497,0.0030543485106114,0.5178370625890376,9.666843636436578,0.1596360029053526,0.0,0.0945161996608158,500,0.0950133435901789,9.451619966081584,0.0,0,0.0,,74,0.965450600499734
C6_distance_stratified_random_934,probability_sample,distance_stratified_random,preferred,6,1524,6,934,19,41,7.6307155368634705,45.024017311664416,1392150.0,4986550.0,1_4,D50_75,0.5989717223650386,0.9022774657630666,5,1.4592015638753109,0.5569240981122437,0.3816635836334897,6,False,C6_component_0001,198,1.0,97.0,3.0,0.0309278350515463,0.0831191088260497,0.0030543485106114,0.5222915158995853,18.820832604943607,0.239592547587063,0.0253955722535783,0.0099400502835741,500,0.1095019106534815,3.533562253715244,2.5395572253578327,109,4.36,17.264150943396228,24,0.9986295602185384
C6_distance_stratified_random_7173,probability_sample,distance_stratified_random,preferred,6,1524,6,7173,77,27,7.611687936729619,45.07599723098327,1390750.0,4992350.0,7_2,D50_75,0.6195372750642674,0.9101365482549598,3,0.9980194918556496,0.0878829436006893,0.0880573418834594,6,False,C6_component_0003,4,0.5,97.0,3.0,0.0309278350515463,0.0831191088260497,0.0030543485106114,0.4095665831173197,11.275683570403888,0.3386864875412831,0.0258507031690079,0.0452587469299923,500,0.1489249750167537,7.110945009900027,2.5850703169007945,133,5.32,13.34297520661157,157,0.9952418469867776
C6_distance_stratified_random_11910,probability_sample,distance_stratified_random,preferred,6,1524,6,11910,123,118,7.726348269082018,45.11874145647427,1399850.0,4996950.0,12_11,D50_75,0.6323907455012854,0.9140133456215545,3,1.030981611810532,0.1169682661889774,0.1134533000870565,6,False,C6_component_0010,13,0.75,97.0,3.0,0.0309278350515463,0.0831191088260497,0.0030543485106114,0.4013133328905565,13.575039069871996,0.1418538328581439,0.0,0.1206017492178113,500,0.0972556750340458,12.06017492178113,0.0,0,0.0,,15,0.9952805992866504
C6_distance_stratified_random_921,probability_sample,distance_stratified_random,preferred,6,1524,6,921,19,28,7.614219500368659,45.02381825328629,1390850.0,4986550.0,1_2,D75_95,0.8174807197943444,1.040675945126322,5,2.5757503434307836,1.5350743983044617,0.5959717339141695,6,False,C6_component_0001,198,1.0,78.0,3.0,0.0384615384615384,0.0668380462724935,0.0024560740600793,0.7867217343587793,9.369217656012744,0.1005663992506719,0.0028627867583445,0.0114294802770082,500,0.0120475078964811,1.4292267035352773,0.2862786758344511,20,0.8,12.8,19,0.9999791674247608
C6_distance_stratified_random_11007,probability_sample,distance_stratified_random,preferred,6,1524,6,11007,112,72,7.668110004994065,45.10817510812452,1395250.0,4995850.0,11_7,D75_95,0.7789203084832905,1.0134002586359503,3,1.1662451698415803,0.15284491120563,0.1310572726542499,6,False,C6_component_0007,5,0.75,78.0,3.0,0.0384615384615384,0.0668380462724935,0.0024560740600793,0.4347230133047108,8.482220355269906,0.4623802346525674,0.0023266061835953,0.0712841557736774,500,0.2349279313872787,7.361076195727283,0.2326606183595379,25,1.0,11.32,388,0.9059983004466852
C6_distance_stratified_random_11181,probability_sample,distance_stratified_random,preferred,6,1524,6,11181,114,60,7.652817936605967,45.109795989765416,1394050.0,4996050.0,11_6,D75_95,0.8586118251928021,1.060583387112701,3,1.2341492761304749,0.1735658890177738,0.1406360578697324,6,False,C6_component_0008,10,0.6666666666666666,78.0,3.0,0.0384615384615384,0.0668380462724935,0.0024560740600793,0.4204297564994957,7.973032253695877,0.463652823096349,0.0007269192957415,0.0307455997274718,500,0.2055669586702741,3.147251902321341,0.0726919295741591,4,0.16,13.666666666666666,424,0.9334912806099104
C6_distance_stratified_random_735,probability_sample,distance_stratified_random,block_only,6,1524,6,735,16,39,7.628242174307322,45.021287101586,1391950.0,4986250.0,1_3,D95_100,0.9665809768637532,1.2244238356145296,5,1.412614083978626,0.1881902483640964,0.1332212743016541,6,False,C6_component_0001,198,0.5,20.0,3.0,0.15,0.0171379605826906,0.0006297625795075,0.408661870403422,20.42400086453041,0.2029383419310846,0.0140762684269062,0.0472413164482181,500,0.0618160718390604,6.131758487512447,1.407626842690628,70,2.8,15.014285714285714,20,1.0
C6_distance_stratified_random_1349,probability_sample,distance_stratified_random,relaxed,6,1524,6,1349,24,46,7.636953386478379,45.02859281982549,1392650.0,4987050.0,2_4,D95_100,0.9537275064267352,1.2118796413056614,3,1.3825427388958298,0.1706630975901673,0.1234414624508951,6,False,C6_component_0001,198,0.25,20.0,3.0,0.15,0.0171379605826906,0.0006297625795075,0.4131425462060573,16.71241383172965,0.1107035809577402,0.0451234939323037,0.0550347973156736,500,0.2906404832073479,10.015829124797737,4.51234939323037,260,10.4,16.192156862745097,27,0.99837722679915
C6_distance_stratified_random_5953,probability_sample,distance_stratified_random,preferred,6,1524,6,5953,67,84,7.6842902771707084,45.067855439797725,1396450.0,4991350.0,6_8,D95_100,0.9691516709511568,1.2247590986698391,5,1.340539885837253,0.1157807871674136,0.0863687745442211,6,False,C6_component_0002,47,0.75,20.0,3.0,0.15,0.0171379605826906,0.0006297625795075,0.570223298687948,19.4153890791128,0.7322621238195314,0.0004341015687959,0.0158979094653498,500,0.3372483255401198,1.6332011034145797,0.0434101568795977,3,0.12,8.666666666666666,526,0.9859919488301464
C6_risk_boundary_1173,purposive_stress,risk_boundary,not_applicable,6,1524,6,1173,22,37,7.625575186379634,45.02665605318248,1391750.0,4986850.0,2_3,D75_95,0.8277634961439588,1.043568977460576,5,1.0472963813319838,0.0037274038714074,0.0035590726157831,6,False,C6_component_0001,198,1.0,,,,0.0,0.0,0.369087873691593,16.403039809149234,0.3087193342637719,0.0216764225553996,0.0,500,0.1287887022630162,1.8857149571713132,2.1676422555399637,100,4.0,16.454545454545453,53,1.0
C6_risk_cleanup_12909,purposive_stress,risk_cleanup,not_applicable,6,1524,6,12909,142,73,7.668752855892734,45.135187320140695,1395350.0,4998850.0,14_7,D75_95,0.9151670951156812,1.125856699217136,3,1.1782826870765617,0.0524259878594257,0.0444935569659433,3,True,C6_component_0011,3,0.3333333333333333,,,,0.0,0.0,0.3936924968472916,7.3294363761815315,0.2881060524855798,0.0,0.0467182965719551,500,0.1476860545224936,4.67182965719551,0.0,0,0.0,,191,0.9801053914193656
C6_risk_morphology_extreme_1435,purposive_stress,risk_morphology_extreme,not_applicable,6,1524,6,1435,25,42,7.631855799498378,45.02943201118437,1392250.0,4987150.0,2_4,D95_100,1.0,1.3818097520379855,5,2.829383230104996,1.4475734780670104,0.5116215656700885,6,False,C6_component_0001,198,1.0,,,,0.0,0.0,0.9007083314996973,15.01324244710755,0.1113109609323113,0.0,0.0026434951253777,500,0.0616771389220359,0.264349512537771,0.0,0,0.0,,13,0.9999128126617124
